Maligant,Autocorrelation,ClusterProminence,ClusterShade,ClusterTendency,Contrast,Correlation,DifferenceAverage,DifferenceEntropy,DifferenceVariance,Id,Idm,Idmn,Idn,Imc1,Imc2,InverseVariance,JointAverage,JointEnergy,JointEntropy,MCC,MaximumProbability,SumAverage,SumEntropy,SumSquares,GrayLevelNonUniformity,GrayLevelNonUniformityNormalized,GrayLevelVariance,HighGrayLevelRunEmphasis,LongRunEmphasis,LongRunHighGrayLevelEmphasis,LongRunLowGrayLevelEmphasis,LowGrayLevelRunEmphasis,RunEntropy,RunLengthNonUniformity,RunLengthNonUniformityNormalized,RunPercentage,RunVariance,ShortRunEmphasis,ShortRunHighGrayLevelEmphasis,ShortRunLowGrayLevelEmphasis,GrayLevelNonUniformity,GrayLevelNonUniformityNormalized,GrayLevelVariance,HighGrayLevelZoneEmphasis,LargeAreaEmphasis,LargeAreaHighGrayLevelEmphasis,LargeAreaLowGrayLevelEmphasis,LowGrayLevelZoneEmphasis,SizeZoneNonUniformity,SizeZoneNonUniformityNormalized,SmallAreaEmphasis,SmallAreaHighGrayLevelEmphasis,SmallAreaLowGrayLevelEmphasis,ZoneEntropy,ZonePercentage,ZoneVariance,DependenceEntropy,DependenceNonUniformity,DependenceNonUniformityNormalized,DependenceVariance,GrayLevelNonUniformity,GrayLevelVariance,HighGrayLevelEmphasis,LargeDependenceEmphasis,LargeDependenceHighGrayLevelEmphasis,LargeDependenceLowGrayLevelEmphasis,LowGrayLevelEmphasis,SmallDependenceEmphasis,SmallDependenceHighGrayLevelEmphasis,SmallDependenceLowGrayLevelEmphasis,Busyness,Coarseness,Complexity,Contrast,Strength
0,70.0850805,2956.947435,-150.3562305,34.84613705,2.671233386,0.850016438,0.441985266,0.884682001,2.467273093,0.884862801,0.881375695,0.98830219,0.973907914,-0.733719086,0.989204589,0.172704444,7.870410496,0.147748828,3.322328838,1,0.254959748,15.74082099,3.031512982,9.379342608,57.57588197,0.154801851,10.08424402,69.98823934,1.426621779,98.67373695,0.078162192,0.057854365,3.353118123,306.9968457,0.8240323,0.898550725,0.183188203,0.925854143,64.72374432,0.05432365,37.96183206,0.144892489,10.50824544,71.01526718,3.923664122,261.7709924,0.211958392,0.060757261,133.6335878,0.510051862,0.741552596,53.04888869,0.047423252,4.232790636,0.632850242,1.426781656,4.371291924,144.2173913,0.348351187,0.698802773,65.34299517,9.9585988,69.92753623,3.980676329,278.9855072,0.195935832,0.056893069,0.542698604,38.55733696,0.033791732,0.138409793,0.087736649,12.97573492,0.058176463,4.604922654
0,57.65599475,1467.608264,-60.16630381,20.57495523,2.529299991,0.774576423,0.436718246,0.911594443,2.337875773,0.88117429,0.87813262,0.98883525,0.973842406,-0.705456659,0.986083296,0.185092184,7.277497007,0.18754995,3.347232364,0.992898814,0.375928894,14.55499401,3.046979513,5.776063804,127.3115058,0.240046559,5.541262315,59.33555234,1.416769637,80.78651696,0.068718315,0.049851585,3.071835312,434.9249484,0.819290262,0.896114865,0.170011234,0.923665434,54.93582549,0.047259232,83.92857143,0.230572998,5.772755404,60.99725275,3.978021978,218.1456044,0.183092039,0.054393726,171.2582418,0.470489675,0.709777651,43.81172472,0.0446564,4.062957382,0.614864865,1.332930805,4.116783153,208.847973,0.352783738,0.664033966,143.9831081,5.470322201,58.89358108,4.016891892,223.0929054,0.167608172,0.04872823,0.518000657,31.58128378,0.030646289,0.126074475,0.078833478,13.20128106,0.025705138,2.736155273
0,67.69821583,2464.34664,-114.0137286,28.72324029,3.026864104,0.813622765,0.486992292,0.902456231,2.758418878,0.875050598,0.872521365,0.98679899,0.971527189,-0.714755725,0.991853441,0.195417299,7.820607074,0.115057475,3.757492351,0.997937471,0.221241646,15.64121415,3.459454254,7.937526099,108.7698814,0.143462539,8.289120275,70.60270063,1.407923982,98.60077415,0.076035521,0.057102404,3.570698079,616.1940709,0.812466922,0.893109541,0.153617383,0.920614103,65.10383606,0.053898494,70.65703276,0.136140718,8.677447737,71.8477842,4.163776493,281.017341,0.196363467,0.061809681,252.938343,0.487357116,0.725650511,52.46213328,0.048410168,4.568442084,0.61130742,1.487810039,4.685938037,287.958775,0.339174058,0.755218153,123.3745583,8.164419861,70.40518257,4.196702002,289.6654888,0.187774293,0.055642784,0.524269075,37.56496401,0.033576958,0.287354022,0.032387789,21.86087235,0.044597795,1.725897799
0,68.85042012,1266.966902,-68.16138725,16.32038899,2.782108884,0.711061606,0.488324442,0.943767387,2.520119965,0.870027701,0.867093151,0.987232967,0.970801518,-0.661856188,0.984070263,0.202234987,8.090555066,0.138728238,3.554452412,0.981684219,0.262427235,16.18111013,3.261560107,4.77562447,166.9911068,0.170474507,5.306493093,70.43295944,1.575141608,108.1916378,0.05039626,0.036705614,3.295101746,804.5874684,0.81936913,0.88745471,0.298370914,0.92303297,65.02653927,0.034815944,102.0619195,0.157990587,6.177409924,70.92260062,5.235294118,345.0232198,0.147828828,0.042997731,313.1671827,0.484778921,0.723908294,50.60163726,0.036576179,4.377469992,0.585144928,2.314687191,4.415531384,362.7862319,0.328610717,0.75637668,191.817029,5.1062925,70.25634058,4.367753623,298.9791667,0.120051353,0.035336741,0.506439966,35.50308801,0.023387456,0.325941379,0.027791005,21.79842303,0.026840553,1.221478034
0,58.31896564,1753.956442,-68.74390294,26.19798491,4.314449473,0.733694995,0.628591319,1.000134914,3.735084064,0.858739438,0.854459074,0.98136628,0.96470374,-0.707368309,0.990416284,0.198686973,7.267922348,0.140213745,3.773170374,0.988310865,0.289479372,14.5358447,3.429379266,7.628108597,130.8676862,0.170899778,7.179170247,58.79695573,1.820507369,102.5712466,0.078157126,0.053097169,3.393757721,638.2062143,0.833882182,0.894152047,0.563753282,0.930436725,54.66314022,0.050325539,80,0.152091255,7.869309228,59.32129278,6.036121673,325.0684411,0.223983572,0.059361533,271.5437262,0.516242826,0.746379515,44.14687652,0.049296395,4.339458597,0.615204678,3.39395177,4.51662041,289.2923977,0.338353681,0.751963339,149.7719298,7.010438767,58.71578947,4.162573099,241.9695906,0.173757919,0.051542991,0.534024042,31.54739246,0.033334207,0.260022287,0.045329193,16.99613806,0.046291506,1.445468645
0,63.30024602,1342.617624,-68.28122954,18.4642706,2.362570077,0.757157135,0.434213881,0.891135949,2.170820732,0.875351296,0.873253692,0.989346596,0.973511756,-0.659334858,0.978930123,0.205332804,7.688134376,0.156864855,3.367670407,0.991883773,0.328393959,15.37626875,3.109152766,5.206710168,152.3274585,0.204509362,4.847761916,65.0538808,1.410346442,89.48021618,0.054069857,0.035372858,3.122901741,608.0976786,0.81615295,0.895432692,0.162665917,0.92248011,60.00606982,0.032954681,102.3359073,0.197559667,4.690556939,65.97104247,4.177606178,254.1447876,0.16119249,0.033776098,264.7297297,0.511061254,0.742892411,48.88923339,0.024376264,4.035566907,0.622596154,1.597799675,4.254483883,284.0168269,0.341366379,0.773761095,172.8581731,4.840732191,64.84735577,4.146634615,261.609375,0.145649651,0.035467849,0.53868523,35.31856404,0.018159381,0.239358425,0.041400175,14.90465589,0.023438481,1.912202295
0,42.80987234,599.342857,3.611511532,13.82846208,1.787879497,0.762052798,0.268041115,0.593012563,1.705820007,0.936326208,0.934681472,0.992322404,0.98473254,-0.834614196,0.993460572,0.094185695,6.303124997,0.211988371,3.080025075,0.998556348,0.380245137,12.60624999,2.912536527,3.904085393,227.007963,0.229387533,4.186749651,44.62088733,1.842123673,85.75924286,0.073160139,0.046459388,3.290574987,783.6319107,0.790331101,0.86173913,0.49073152,0.909507338,40.81839171,0.043211761,125.495637,0.219015073,4.727398433,43.84991274,9.144851658,428.3106457,0.30267089,0.05504933,247.1640489,0.431350871,0.682286694,29.90826967,0.042637996,4.489907031,0.49826087,5.116879715,4.490900113,341.6730435,0.297106994,0.905267297,265.5513043,4.069280907,44.62956522,5.340869565,236.4052174,0.193671287,0.044843993,0.43257029,19.12939203,0.024540416,0.117955305,0.092594456,10.02913862,0.013774257,1.494945917
0,48.43431521,1771.473891,-26.57213391,27.82369597,1.737471169,0.888447849,0.285793368,0.636463185,1.633798217,0.92641345,0.92483749,0.992297142,0.983204985,-0.81300006,0.990645474,0.114227097,6.470594046,0.246549617,2.960203338,1,0.458259609,12.94118809,2.801368419,7.390291785,124.5232234,0.218979673,7.917143282,49.7703403,1.532149245,75.65371109,0.085475038,0.059382574,3.274728216,451.188756,0.793099609,0.879643963,0.236301188,0.911138954,45.56830091,0.054220668,70.59893048,0.188767194,8.645714776,50.86096257,5.069518717,243.868984,0.26807025,0.061289416,172.8235294,0.462094998,0.704642376,36.53717265,0.043995523,4.353438191,0.578947368,2.086047642,4.376496751,203.6811146,0.315295843,0.874780742,147.9907121,7.716332467,49.5247678,4.72755418,226.0139319,0.266084282,0.058882,0.489189026,25.0071904,0.030173094,0.135353516,0.091564102,11.25907011,0.032069944,3.083654229
1,55.68201071,944.4073445,-36.71112911,17.49148804,2.288920659,0.777808722,0.399752228,0.828041581,2.095511956,0.897744697,0.892501917,0.989503311,0.97616556,-0.782199029,0.986258405,0.135510921,7.195464455,0.288896371,2.907185837,1,0.484211463,14.39092891,2.634740102,4.945102174,137.0823414,0.280703595,5.515564195,55.73649429,2.249532595,122.7852019,0.073445735,0.045503693,2.963582726,413.2159642,0.847295651,0.889142336,0.976266697,0.936443545,52.24015293,0.043392246,71.98442368,0.224250541,6.523209208,55.69781931,8.554517134,458.3956386,0.228662261,0.053912508,161.8785047,0.504294407,0.736792103,41.27761548,0.044506398,4.095445018,0.585766423,5.640104424,4.050100696,181.919708,0.33197027,0.746323725,160.1934307,5.296802573,55.81569343,4.306569343,243.8959854,0.133736815,0.043567557,0.510977798,28.56437196,0.028565443,0.054617064,0.158331929,11.13262132,0.017037013,3.627381674
0,36.38500634,1410.650052,-25.166807,25.0101635,2.708133664,0.807453552,0.527902572,1.097780564,2.418206718,0.858055118,0.850975931,0.983059944,0.962886336,-0.670579349,0.986408084,0.191746858,5.548635159,0.171831629,3.606584631,0.996443587,0.380730842,11.09727032,3.228990277,6.929574291,166.9415583,0.177461062,7.728261163,37.89590962,1.332149786,51.07968369,0.19651626,0.160741717,3.336620507,776.7230331,0.825551232,0.905437921,0.112144637,0.927036531,35.03490833,0.152665143,108.8874459,0.157124742,8.322137058,37.4011544,3.253968254,125.3939394,0.427259044,0.17575597,377.049062,0.544082341,0.766232327,28.29683192,0.145227265,4.228921504,0.666987488,1.006132236,4.409781142,377.3214629,0.36315829,0.755913039,192.4879692,7.523699863,38.04427334,3.841193455,150.614052,0.444405736,0.15585561,0.579358357,21.56109026,0.105352266,0.611854395,0.027825202,15.23883763,0.05638819,0.900316892
1,70.65073622,1922.025149,-86.64066337,25.71789974,5.34494969,0.617182679,0.770167146,1.165828736,4.694659845,0.831979228,0.82576234,0.976838687,0.957018416,-0.683517238,0.986681079,0.224503957,8.069927116,0.130962263,3.517607185,0.995674331,0.254209052,16.13985423,3.204834444,7.765712357,67.5812891,0.157421204,8.464082345,74.44502809,1.388576968,101.1804274,0.076918658,0.062804182,3.315046703,354.3384196,0.824726842,0.900419287,0.153358817,0.926396123,69.06801593,0.060727812,46.4379085,0.151757871,9.278696228,75.28104575,3.676470588,259.2026144,0.165212288,0.074612603,157.7581699,0.515549575,0.746049731,56.05160398,0.066664069,4.187191694,0.641509434,1.246539792,4.370330924,168.1362683,0.352486936,0.736424807,76.11949686,8.22101798,74.11320755,3.964360587,281.5345912,0.150818647,0.059707988,0.552349173,41.39238644,0.045287092,0.330265105,0.03446345,25.73815565,0.091185062,2.036265335
0,52.93286412,1629.997046,-64.74045699,23.08821225,2.465304848,0.797964987,0.406237159,0.826186542,2.295786698,0.895106308,0.892128718,0.989160617,0.976076592,-0.726117002,0.986665694,0.158041702,6.910383003,0.204483326,3.247580692,0.998010282,0.407556985,13.82076601,2.964473562,6.388379275,182.4137109,0.240552017,5.834291748,57.93346961,1.465620972,83.34642457,0.067424748,0.047312013,3.135939928,612.894451,0.807517692,0.885064177,0.187361574,0.917810544,53.50660172,0.043695378,111.08577,0.216541462,6.186686122,59.47953216,4.738791423,261.4307992,0.203102743,0.049780009,262.079922,0.510877041,0.74237174,45.03621947,0.038989771,4.127032691,0.598599767,1.948002994,4.309021727,273.7724621,0.319454448,0.916504754,210.5659277,5.759623881,57.45857643,4.600933489,249.1621937,0.20953787,0.046947625,0.520945482,31.19177622,0.026566554,0.210631985,0.048647805,14.8888061,0.030049592,1.713228947
0,53.02249285,1784.0209,-25.71764205,29.33693482,4.418676507,0.743252511,0.589396643,0.898033575,3.998888955,0.886887125,0.882589741,0.980896294,0.96830972,-0.777769449,0.994669109,0.1391944,6.839556011,0.146689693,3.603456272,1,0.327200084,13.67911202,3.33841127,8.438902833,126.5974744,0.17180699,8.54172304,52.85368098,1.388588768,74.81966439,0.082698313,0.065757986,3.480463287,597.4805289,0.810293061,0.894114078,0.136192115,0.919370173,48.2613288,0.06220232,82.52529183,0.160555042,9.128832382,51.07587549,4.031128405,217.1420233,0.194264768,0.074822791,251.5992218,0.489492649,0.725128045,34.9086733,0.061249514,4.398508834,0.623786408,1.461157625,4.563770118,282.1868932,0.342459822,0.767879866,144.4927184,8.36524266,53.25849515,4.17961165,231.1055825,0.198970818,0.063440791,0.528296588,26.12035936,0.041791885,0.262522448,0.041651572,22.00610706,0.046273607,1.621257026
0,49.1447678,2004.812392,23.31398311,32.764472,5.692059529,0.701298566,0.768119782,1.111336853,5.098926681,0.850954003,0.844877988,0.975323996,0.958490477,-0.720719149,0.994828213,0.181442076,6.508244614,0.086460046,4.082916548,1,0.173845205,13.01648923,3.676935105,9.614132883,69.07390508,0.106796887,9.97580343,50.52259029,1.621307009,83.25720103,0.09778132,0.07444123,3.809929796,534.9597153,0.826872889,0.893301105,0.365137501,0.927235205,46.75652506,0.070550689,47.43303571,0.105877312,10.84175702,49.34821429,5.004464286,254.265625,0.241775029,0.085421009,236.2544643,0.527353715,0.754220515,35.91380488,0.071297715,4.654426544,0.61878453,2.392777423,4.915161447,242.8453039,0.33542169,0.815581026,77.79558011,9.748670294,50.73342541,4.251381215,218.7444751,0.227029107,0.071696792,0.541607198,26.24907497,0.048057142,0.534311133,0.029863264,29.83504506,0.080314049,1.321419716
1,46.09115777,1356.673789,-62.54414383,19.6954986,2.701348071,0.757867294,0.430376797,0.791240881,2.506835234,0.901886525,0.898260813,0.984158748,0.971876741,-0.751149201,0.987872793,0.131858858,6.465377778,0.193572654,3.145337296,0.991814715,0.375144187,12.93075556,2.941222931,5.599211669,133.7602057,0.190390736,6.231817252,48.39430968,1.799123357,83.96669774,0.149421319,0.107710497,3.189133034,569.1228092,0.810141993,0.883647799,0.517795591,0.919667261,44.64789714,0.100905557,77.12608696,0.167665406,7.123440454,49.65652174,6.945652174,314.7652174,0.404644128,0.122918972,221.3478261,0.481190926,0.719381327,36.57869135,0.092449287,4.213968298,0.578616352,3.958766541,4.303275629,256.1572327,0.322210356,0.793955935,155.8050314,6.036020727,48.13081761,4.522012579,210.8301887,0.357469114,0.104195658,0.496233403,24.87806988,0.060574373,0.529519047,0.039828163,9.8356102,0.066072644,1.084644968
1,58.3587341,2122.189788,-78.18606435,29.24078224,4.900164542,0.718734627,0.657401322,1.001048324,4.424848126,0.869993422,0.865400254,0.97902443,0.964449892,-0.709090784,0.990642363,0.166034286,7.218225441,0.126971571,3.704971583,0.995318265,0.265929598,14.43645088,3.387571041,8.535236696,88.59502003,0.145916969,9.211418468,57.29084257,1.547112279,90.7142856,0.089947119,0.069525236,3.581530439,485.6505318,0.799710413,0.882630814,0.263169737,0.914540795,52.10524688,0.065603128,53.74271845,0.130443491,10.10205957,56.22330097,5.067961165,325.3131068,0.217911807,0.080649961,201.7572816,0.48970214,0.726978085,41.45034813,0.064991537,4.536176533,0.598837209,2.279385427,4.713854966,219.5523256,0.319116752,0.955575649,103.125,8.989654458,57.80668605,4.715116279,296.3328488,0.213630677,0.066432233,0.511540698,29.21443435,0.042724375,0.317923998,0.034427427,29.51132649,0.067087171,1.497467619
0,51.08690189,1087.795742,-2.13364044,19.34753445,3.243686182,0.713999849,0.495790894,0.928739221,2.971483585,0.883312525,0.879575412,0.985844932,0.971643347,-0.7436581,0.993029143,0.165708705,6.851609839,0.166942306,3.653553097,0.992805957,0.366718157,13.70321968,3.34053498,5.647805158,188.1510827,0.18147935,6.183886185,52.24371296,1.460713437,77.12671703,0.064187325,0.049700449,3.50533778,845.3305762,0.814885097,0.890128755,0.197601946,0.921572271,48.21482118,0.046963246,113.6389685,0.162806545,7.009540152,51.69627507,4.780802292,254.0573066,0.174759914,0.057712799,347.4183381,0.497734009,0.733000712,37.52585855,0.048487495,4.500590145,0.599141631,1.995059564,4.595063428,386.1759657,0.331481516,0.767325978,218.0781116,5.982142976,52.24549356,4.297854077,222.8429185,0.158989983,0.047934581,0.518310682,26.7305031,0.031697914,0.270257573,0.042486719,16.97932496,0.031172393,1.077594567
0,66.95278506,2754.68371,-156.2433041,33.41819923,4.14406519,0.779327331,0.63013016,1.058768308,3.706290716,0.857274887,0.852375741,0.981494663,0.964231598,-0.671877586,0.9912245,0.195745549,7.721119498,0.087703993,4.057302273,0.997183397,0.154240927,15.442239,3.737174579,9.390566105,142.8244739,0.128278203,9.632941132,67.10753794,1.363632923,93.04018079,0.07837717,0.062863091,3.587401837,929.6410226,0.834591538,0.906021155,0.144547303,0.930974407,62.28483221,0.05979852,100.8132005,0.125545704,10.087902,66.55292653,3.415940224,236.0261519,0.178343618,0.068913487,413.7073474,0.515202176,0.745261317,49.2885841,0.056460006,4.470495989,0.653376729,1.073477572,4.648886335,452.6745321,0.368327528,0.661764346,158.8258747,9.489624553,67.3807974,3.730675346,261.2473556,0.177506149,0.061123376,0.561436353,37.24730223,0.040517324,0.514973216,0.019708094,24.51902412,0.055658565,1.141877392
0,62.51930676,943.5018574,-37.97338424,12.37654752,1.357113494,0.771482961,0.293413119,0.740460333,1.260294536,0.905378753,0.904158836,0.993659736,0.981285816,-0.66987138,0.963726215,0.163978575,7.720531974,0.277487605,2.696182441,0.97604453,0.459337727,15.44106395,2.51827008,3.433415254,108.6128077,0.277500877,4.009804461,65.54642128,1.85655859,118.5406164,0.054910176,0.034987854,2.805105173,317.9328028,0.810786994,0.87639821,0.550160846,0.91933568,60.68229605,0.032716693,59.39837398,0.241456805,4.607459184,66.22357724,7.735772358,471.4471545,0.199363782,0.041922213,117.5447154,0.477824047,0.717367298,47.53068432,0.035406168,3.928356783,0.55033557,4.43401745,3.936893636,138.1946309,0.309160248,0.834326782,127.4519016,3.938231011,65.17673378,4.789709172,296.2326622,0.145123962,0.033987301,0.478339548,31.64836627,0.021341619,0.152645503,0.077469671,10.606311,0.025696884,3.306232023
0,54.89124448,1574.362712,-25.70882836,26.760705,2.843845952,0.808433389,0.528480905,1.041668859,2.52260288,0.853304934,0.848973989,0.986821579,0.967825752,-0.705760581,0.993143742,0.224446092,6.990114235,0.115398764,3.977366135,0.995524918,0.277996656,13.98022847,3.603704379,7.401137738,168.1439267,0.139165082,7.678952461,58.05647924,1.613135157,94.55686077,0.072018618,0.051494249,3.638806458,1001.675577,0.828025821,0.894045858,0.358999503,0.92770952,53.99488884,0.048890523,105.1732852,0.126562317,8.531110213,58.15643803,5.116726835,300.8375451,0.190210222,0.058023325,423.765343,0.509946261,0.742090676,43.27506336,0.048257966,4.604594107,0.61464497,2.469742716,4.744897239,456.7174556,0.337808769,0.748973688,193.2455621,7.466508088,57.86390533,4.162721893,233.3002959,0.168087992,0.049993487,0.532287763,31.05876397,0.032503625,0.468542292,0.024054229,21.30411391,0.041706524,0.950599848
0,42.88746934,1722.61047,48.31940595,27.92441189,2.390188952,0.837859614,0.406783821,0.841966087,2.212087363,0.890921698,0.888615232,0.989398329,0.975782602,-0.749589342,0.994472757,0.172354341,6.032455383,0.117676235,3.778506146,0.999055899,0.258539898,12.06491077,3.516780613,7.57865021,144.3084273,0.145227621,7.626883858,45.71400932,1.464695354,65.40996492,0.089192546,0.061835476,3.616365405,798.6213082,0.803047077,0.886485281,0.189920126,0.916015851,41.96633892,0.057250143,91.47904192,0.136944674,7.914849941,46.36227545,4.615269461,204.3308383,0.265716175,0.064849898,320.1317365,0.479239127,0.71872888,33.73346025,0.049393695,4.625199871,0.595896521,1.799103141,4.78433421,367.0624442,0.327441966,0.834554976,165.1659233,7.563894541,45.54950937,4.475468332,199.4870651,0.256726813,0.061191232,0.508590049,23.69401477,0.033861904,0.333517203,0.040748078,14.83666176,0.030332867,1.584951565
0,52.00830734,1587.047974,-29.74242303,24.4129066,3.026746083,0.774821274,0.464604988,0.860488731,2.802417206,0.890130273,0.887393004,0.98663933,0.973435345,-0.774342935,0.99362239,0.161934874,6.829660945,0.186700599,3.478042831,1,0.387206754,13.65932189,3.237663956,6.859913172,93.45915812,0.157593469,7.465292299,53.59539098,1.549308047,83.95897313,0.083865016,0.062731436,3.639058208,469.1028921,0.79056991,0.872426471,0.234819096,0.909642858,48.87503637,0.058795155,48.80645161,0.131200139,8.471701931,53.41935484,6.075268817,321.7956989,0.259058414,0.074665533,166.2956989,0.447031449,0.693325656,36.54325598,0.058903019,4.782572849,0.547058824,2.733842063,4.769213133,209.6147059,0.30825692,0.943693772,113.7352941,7.189922145,53.55,5.026470588,265.1205882,0.219674517,0.060007015,0.467594771,24.78025858,0.036214156,0.213114122,0.052722715,20.51578831,0.038649036,1.910246876
1,70.03289584,545.4479669,-18.76402053,9.664142415,2.501111215,0.590553214,0.405326738,0.843435977,2.329074303,0.893980215,0.891602353,0.989223836,0.976175626,-0.683183422,0.979522879,0.16570174,8.259861179,0.173311681,3.136057516,0.974780539,0.307678753,16.51972236,2.916307346,3.041313407,236.8753812,0.228669499,3.436774065,68.59368631,1.42861754,98.58594664,0.038870435,0.030499824,2.971522862,833.3946184,0.804318094,0.890034364,0.165795239,0.91690442,62.88431748,0.028759569,155.8983051,0.220195346,3.94835456,68.40112994,4.274011299,294.4759887,0.09620232,0.034854014,345.1412429,0.487487631,0.72567004,49.40825014,0.028068706,4.008632462,0.608247423,1.57105238,4.11303779,385.7542955,0.331404034,0.793094082,268.6597938,3.303193013,68.64347079,4.326460481,298.2517182,0.09382727,0.029381082,0.519844884,35.46997423,0.018810381,0.252734604,0.03618951,13.94597309,0.014480492,1.42463219
0,51.49021167,2266.374176,-14.59847056,34.45486023,6.640912169,0.676530233,0.854081927,1.149289686,5.909667143,0.838886996,0.833158757,0.972046032,0.954611585,-0.678872647,0.991582363,0.200611091,6.642655008,0.106320714,4.006617045,0.995196384,0.238426643,13.28531002,3.605917105,10.2739431,93.5204607,0.132724471,10.71614072,50.8946557,1.4407142,76.10477426,0.110058634,0.086090015,3.632035204,573.5654363,0.813571115,0.890960809,0.179808992,0.921020852,46.69462552,0.08153212,59.9443299,0.123596556,11.30056754,49.23092784,4.336082474,232.5896907,0.268212217,0.099203353,241.5979381,0.498140079,0.733462387,34.94184157,0.082853674,4.60904315,0.613147914,1.676156871,4.75392779,264.5701643,0.334475555,0.839574799,107.2629583,10.55267461,51.31226296,4.345132743,235.0897598,0.267648979,0.08286827,0.527109145,25.65327328,0.055322501,0.649414744,0.023974879,31.2297367,0.121103291,1.037891394
0,45.67884894,1439.335198,8.387832001,27.01088637,1.441488305,0.896740578,0.349051234,0.87986963,1.316583813,0.879031768,0.877196788,0.993220139,0.977087879,-0.733952348,0.994092125,0.211935028,6.252308106,0.111762465,3.835991108,0.99925008,0.250229886,12.50461621,3.55180795,7.11309367,129.5407178,0.133364512,7.328312455,50.37321461,1.647396641,81.05142748,0.086268422,0.054894733,3.656763352,791.5297877,0.81435545,0.881578947,0.358020063,0.921072722,46.42392753,0.051327316,75.5856,0.12093696,7.83443456,51.5424,6.1184,295.3632,0.282855477,0.058070942,296.4272,0.47428352,0.715862237,37.58543254,0.04387937,4.751512298,0.567150635,3.00952576,4.838217579,350.800363,0.318330638,0.82118636,149.8529946,7.229175793,50.15426497,4.613430127,225.1796733,0.228389835,0.054178166,0.491192277,25.44004411,0.029089352,0.261995826,0.048675807,13.43148545,0.027946478,1.63449115
0,63.86428298,2371.762319,-109.6959785,31.60987668,3.609561199,0.785287215,0.603143172,1.081665044,3.211571651,0.842696954,0.838853204,0.983954542,0.96436254,-0.66755283,0.991216906,0.242039248,7.528034257,0.083380724,4.143241814,0.994077894,0.159916265,15.05606851,3.767409554,8.804859471,105.5837245,0.120800485,9.743924749,66.11078439,1.505650212,95.93758202,0.084864402,0.062703166,3.69976216,726.5635395,0.829700614,0.893916155,0.249560046,0.927952046,61.33282459,0.0595024,75.55500821,0.124064053,10.5970864,67.32840722,4.896551724,294.545156,0.230112796,0.070422128,325.3481117,0.534233352,0.759373843,51.15927672,0.05919102,4.524557358,0.622699387,2.317600524,4.827577623,330.0736196,0.337498589,0.852355084,117.7075665,9.540362411,65.86707566,4.26993865,274.9795501,0.200849783,0.060726024,0.54601653,36.59774824,0.040121717,0.466043706,0.023137907,24.80312883,0.058744145,1.356685681
0,59.15037214,1973.550772,-70.92696901,30.00665478,3.931759407,0.763905876,0.597167849,1.02221638,3.559097823,0.860212295,0.856337442,0.982740613,0.965970871,-0.685539703,0.991646092,0.202510609,7.246939894,0.110016772,3.948404156,0.984788942,0.241764082,14.49387979,3.628982827,8.484603546,130.3698451,0.131372868,8.72083791,61.97081326,1.417234046,88.37558969,0.072709928,0.056025077,3.602883755,814.2858583,0.820183151,0.895758123,0.16981587,0.924187199,57.1980741,0.052978856,84.33429812,0.122046741,9.384331523,61.36613603,4.005788712,248.170767,0.176890369,0.062128827,344.3342981,0.498313022,0.733569695,44.42523436,0.049918618,4.605439802,0.623646209,1.434662322,4.71208304,381.799639,0.344584512,0.761231086,148.8068592,8.538062532,62.0866426,4.124548736,257.66787,0.176090415,0.054398131,0.535108303,32.64745287,0.03447108,0.398153732,0.032273098,16.3480435,0.051033628,1.335378318
1,60.22516747,2001.286295,-75.17104546,28.15642804,4.061445528,0.732341573,0.595487178,1.010734109,3.643633491,0.868461403,0.86348656,0.982246119,0.966573763,-0.701354595,0.989204072,0.175786461,7.361711775,0.16112476,3.62302557,0.990293216,0.344542767,14.72342355,3.310867093,8.054468391,184.4948289,0.186702651,8.181252447,59.89312028,1.465576784,87.17858832,0.075622182,0.059327134,3.337315248,822.985619,0.832798842,0.902054795,0.235041813,0.929967556,55.5228529,0.056306247,112.5251799,0.161906734,9.062648931,59.52374101,4.225899281,253.7482014,0.171869206,0.066724176,354.7035971,0.510364888,0.741011509,44.24206214,0.053233832,4.349960733,0.634703196,1.743574349,4.400553618,392.2694064,0.358236901,0.660916995,210.6219178,7.976502575,60.06666667,3.842009132,237.913242,0.1657945,0.057478784,0.54652486,32.66999772,0.0371852,0.319946026,0.029682506,22.92482962,0.044902548,1.203899143
0,50.26861983,1936.579223,-20.04629682,30.90897768,4.379522231,0.74761829,0.673750583,1.123278311,3.817675107,0.842475388,0.836447502,0.980716517,0.961440195,-0.70411977,0.992595247,0.215859168,6.603609572,0.126698121,3.946356959,1,0.299924292,13.20721914,3.495562035,8.822124979,101.4431769,0.132537694,9.244353684,51.92256822,1.543166647,79.59696535,0.093950862,0.07051042,3.636809575,640.7830936,0.836907634,0.900294118,0.307107467,0.931856877,48.60669344,0.066434259,61.54444444,0.113971193,10.14182099,52.03148148,4.640740741,237.5,0.22586577,0.078796506,287.8296296,0.533017833,0.758278728,39.76497751,0.064237612,4.581899507,0.635294118,2.16303155,4.686825796,297.1435294,0.349580623,0.716700346,117.52,9.046483045,51.74117647,3.948235294,197.1576471,0.232004039,0.068924716,0.554205556,29.0397732,0.044587238,0.388989976,0.033838365,23.92452426,0.057272892,1.416640627
0,58.90271077,2501.037535,-46.45375291,37.37465684,3.856564575,0.796319301,0.626899668,1.081190819,3.389090685,0.846253895,0.841183394,0.982609822,0.963482206,-0.696095351,0.993902144,0.220419535,7.103389157,0.087055016,4.141444918,0.996183744,0.180996149,14.20677831,3.768521062,10.30780535,74.21252399,0.106708461,10.70881563,59.66772895,1.831023453,112.450663,0.101571443,0.062787907,3.807137529,587.1707924,0.842268751,0.884223919,0.537214153,0.933106247,55.56801534,0.059124393,44.18636364,0.100423554,11.03883781,59.12045455,6.486363636,404.2272727,0.322427143,0.066601762,205.9954545,0.468171488,0.710950326,41.8782133,0.049064125,4.894538121,0.559796438,3.295268595,4.921509711,258.562341,0.328959721,0.691755855,84.69720102,10.66388905,59.8778626,4.402035623,270.7379135,0.246268568,0.061939603,0.485227594,28.614601,0.032612599,0.410505095,0.032665388,22.62174284,0.064633057,1.743881294
0,48.88134928,1784.259412,-7.369463234,29.26870805,2.216623934,0.85719329,0.438779446,0.921287769,2.009086594,0.865900715,0.86398572,0.989895055,0.972628052,-0.718046256,0.994165576,0.22781136,6.473220617,0.103899046,3.999325357,0.991895893,0.244228524,12.94644123,3.736472092,7.871332995,105.9757331,0.130824027,8.345132528,48.42370662,1.848447122,93.25915746,0.101219956,0.066908093,3.664525238,667.3568804,0.823104637,0.881664853,0.557456143,0.925108475,44.56651506,0.062887914,63.57142857,0.122724766,8.795351888,46.48262548,7.00965251,369.5,0.309271481,0.074629289,247.996139,0.478757025,0.719359363,32.81702678,0.057024986,4.723517264,0.563656148,3.862110732,4.840436227,293.7051143,0.319592072,0.786058082,122.2905332,8.223595454,48.86942329,4.57562568,238.1316649,0.241134943,0.065074367,0.490101257,22.79595635,0.037020702,0.292081083,0.046430165,15.77298887,0.034797141,1.884819196
0,52.81323837,1602.164925,-46.45301303,25.545635,1.725266005,0.87049861,0.334236105,0.771990354,1.596684815,0.901625383,0.899772175,0.992025559,0.979346167,-0.747533279,0.992193537,0.161579453,6.840172095,0.153303615,3.536763317,0.990526498,0.330317104,13.68034419,3.339446646,6.817725251,203.6903737,0.198657375,6.414463911,53.70413007,1.557459167,80.27454376,0.077748087,0.049538778,3.310815016,829.5528227,0.807561854,0.88372093,0.272764611,0.917967235,49.18729882,0.046165139,128.8738739,0.193504315,6.524671067,54.04354354,5.313813814,275.9264264,0.253527109,0.051866565,306.8378378,0.460717474,0.703513366,38.0623018,0.03879319,4.363965872,0.573643411,2.274916809,4.472151073,377.4857881,0.325138491,0.745347836,232.1421189,6.369624036,53.60120586,4.471145564,237.0723514,0.200998366,0.048940485,0.487699301,26.34168222,0.026066973,0.231897748,0.04939147,11.44303727,0.024854718,1.717483775
0,36.41930524,1202.413188,18.12460494,21.34511,3.690463695,0.703329451,0.565500172,1.022819633,3.345117122,0.866561857,0.862246145,0.983842109,0.967641008,-0.717072722,0.993564056,0.189575364,5.651448454,0.118484342,3.920023953,0.997703067,0.270746551,11.30289691,3.546992181,6.258893425,172.2493796,0.145185212,6.374545836,39.31408844,1.434522554,54.98233427,0.109185437,0.074971982,3.626674225,969.8293822,0.817321106,0.892776524,0.17934217,0.922758277,36.22152663,0.070433708,109.7945879,0.135048694,6.738954474,39.22755228,4.675276753,167.8548585,0.397283105,0.080328091,403.1894219,0.495927948,0.73143199,28.22104462,0.06506267,4.577120954,0.611738149,2.0030773,4.729810388,449.4981189,0.338222813,0.779625204,197.2994733,6.273883349,39.25206922,4.231000752,163.0323552,0.285984685,0.073869123,0.526197433,20.47695155,0.044429946,0.577339693,0.02741577,20.36858792,0.03755146,0.85778781
0,58.12071449,1999.008363,-60.70536925,28.51051109,5.203383031,0.685535769,0.679123443,0.976877607,4.72901619,0.873024666,0.867915856,0.977717557,0.963806001,-0.729663596,0.993345509,0.151997642,7.22318763,0.14166359,3.781111056,1,0.313858551,14.44637526,3.439281214,8.428473531,160.1993593,0.161460135,8.262776434,59.99586656,1.432545188,88.10456039,0.075204675,0.056890467,3.568489647,799.4590409,0.805417763,0.889910314,0.168964713,0.917328993,55.15670349,0.05307292,97.67062315,0.144911904,8.766327079,59.4421365,4.336795252,267.84273,0.199529043,0.061743756,322.6023739,0.478638537,0.71871643,42.91918393,0.047207285,4.605750277,0.604484305,1.600077926,4.66217508,371.1058296,0.33283034,0.761556436,185.0053812,8.120150415,60.03766816,4.298654709,258.3408072,0.199905495,0.055598532,0.514023169,30.79050473,0.032454305,0.370167349,0.027530354,23.31028392,0.050794618,1.070583154
0,61.5895155,1442.263613,-71.46943292,21.00633189,2.842094976,0.733265142,0.457730961,0.870097215,2.612716069,0.882912457,0.880527545,0.987550588,0.973251323,-0.720417177,0.98839138,0.182729643,7.533856332,0.1305397,3.493411871,0.99344802,0.224728507,15.06771266,3.238880249,5.962106716,90.44043076,0.158841963,6.841803781,61.94462132,1.606675821,102.3704011,0.068868136,0.053046341,3.387014953,468.3749451,0.822498713,0.886292835,0.327722298,0.924856662,57.15205204,0.050638954,55.72,0.148586667,7.875555556,60.68,5.306666667,344.9786667,0.171830312,0.063996865,190.056,0.506816,0.739778025,44.42870494,0.053340846,4.389952392,0.58411215,2.375722667,4.531134778,207.376947,0.323017051,0.823613901,103.741433,6.578577945,62.22274143,4.470404984,285.5560748,0.149612152,0.050423347,0.513864659,31.18641442,0.033993269,0.200131189,0.054892125,17.34092368,0.040910396,2.042795581
0,58.67201999,2147.671998,-95.88924518,32.32525667,1.732986677,0.890790694,0.459785742,1.013225048,1.486054797,0.832631052,0.829390825,0.991849429,0.9691786,-0.673026758,0.991395679,0.292108515,7.13379626,0.083211386,4.104660418,0.988826752,0.154903034,14.26759252,3.740928418,8.514560837,76.8401594,0.118612443,8.842504728,60.48590126,1.425863228,86.76778321,0.078501192,0.06080135,3.65076182,544.6375918,0.840223136,0.906862745,0.206324918,0.933371178,56.45983009,0.057120914,53.61440678,0.113589845,9.553141159,59.83686441,3.656779661,223.2966102,0.168355522,0.066284206,247.529661,0.524427248,0.747535624,43.87596695,0.053079367,4.4728301,0.661064426,1.368482476,4.679181334,265.1932773,0.371419156,0.660515186,85.73109244,8.702743843,60.52661064,3.705882353,223.1288515,0.196490184,0.059812839,0.564183007,33.43583411,0.038222833,0.239146362,0.048111695,17.54318015,0.040776798,2.294330776
0,50.53080588,2329.712632,-32.00966338,36.0685746,5.621973645,0.733677516,0.751614551,1.067663429,5.01745915,0.853427773,0.847827326,0.975855023,0.959466553,-0.709911132,0.993369843,0.182463595,6.547884803,0.106050093,3.962172563,1,0.226923253,13.09576961,3.577952712,10.42263706,80.51057271,0.13001034,10.90340447,53.33541228,1.563971178,83.01423043,0.107797662,0.081819971,3.61195543,506.315612,0.817703166,0.894508671,0.312205044,0.923339429,49.13207908,0.076896101,52.50934579,0.122685387,11.88590707,53.28971963,4.990654206,270.9953271,0.271060482,0.090779003,213.7850467,0.499497773,0.732867984,38.62639985,0.07178871,4.523788187,0.61849711,2.376539436,4.695364643,235.5520231,0.340393097,0.729977614,91.26011561,10.66743794,53.44508671,4.130057803,225.3583815,0.25706433,0.079487183,0.528595857,27.89849269,0.049360961,0.521975683,0.028938537,26.26463935,0.092165244,1.581770081
0,56.6172768,1982.278728,-59.60047797,30.07438658,3.140195343,0.809727529,0.492237477,0.934351036,2.896011978,0.886132863,0.880661065,0.986003556,0.971703226,-0.766391074,0.99557275,0.146482912,7.059656433,0.103919676,3.839913198,0.997997864,0.204702982,14.11931287,3.579438579,8.303645481,73.85922871,0.115570562,9.012180764,60.07361837,1.591853169,93.68848373,0.089632308,0.061347729,3.749424356,522.188777,0.816235913,0.885387812,0.312827856,0.922129355,55.20411128,0.057358728,46.33806147,0.109546245,9.573909204,59.80614657,5.356973995,312.4940898,0.273109928,0.066235761,206.6264775,0.48847867,0.725542453,42.65277307,0.051566745,4.722115346,0.585872576,2.443617301,4.893668989,235.7950139,0.326585892,0.86290007,84.89473684,8.839390812,60.13434903,4.537396122,273.965374,0.22682814,0.060003358,0.506606263,29.978241,0.03455142,0.263676052,0.045510894,20.36369051,0.051676886,1.825898247
1,57.66297889,2532.260481,-105.4456178,34.56765677,6.04451753,0.709252206,0.815419128,1.123090933,5.330548048,0.838713142,0.833097756,0.973955447,0.955857023,-0.681877727,0.99289374,0.206283168,7.105709009,0.087185272,4.12595428,0.996623862,0.18801168,14.21141802,3.751549795,10.15304357,71.75839499,0.120901819,9.33959708,59.82592047,1.468800759,90.06996244,0.094596947,0.069060676,3.693702851,493.9621581,0.832207101,0.897881997,0.227649505,0.929687343,55.75052874,0.064943644,46.365,0.1159125,9.65674375,59.0425,4.3575,272.855,0.250377379,0.075308416,190.33,0.475825,0.716259135,42.08553721,0.058246699,4.72157359,0.605143722,1.62674375,4.763628185,235.2299546,0.355869825,0.612481433,80.60060514,9.274569087,59.87594554,3.91376702,234.5748865,0.237354471,0.067926052,0.519191881,30.73960161,0.040054225,0.378917892,0.032225694,29.7156761,0.072423246,1.519437726
1,54.15941558,1961.281332,-28.94388639,31.79650839,2.365278839,0.846879297,0.479029794,1.002882359,2.114867652,0.851436635,0.848179486,0.989308266,0.969878423,-0.71822169,0.993760399,0.245477152,6.831818182,0.114695999,4.018538235,1,0.233708938,13.66363636,3.657246159,8.540446807,64.56917298,0.109749273,9.020853659,52.81012039,2.363665545,122.6364027,0.099002941,0.063161832,3.728369815,501.4621473,0.85291676,0.902841782,1.132270961,0.939328321,49.26673722,0.060146839,41.59803922,0.101955978,9.762879662,50.62254902,10.85539216,569.622549,0.320675428,0.071933967,229.6127451,0.562776336,0.77878157,38.21820694,0.059429611,4.553935753,0.626728111,8.30949034,4.744133355,231.3348694,0.355353102,0.673891756,72.50844854,8.837676173,53.24116743,3.832565284,215.7603687,0.181037441,0.061245875,0.561262587,28.19855137,0.040723303,0.295449214,0.048456729,20.56272614,0.051011118,2.011074773
0,47.96479717,1492.615013,-1.798801309,25.97696015,1.908878099,0.863899702,0.359094794,0.83966443,1.776465236,0.896058121,0.893482385,0.991362511,0.977945215,-0.759368585,0.994281988,0.165669822,6.470105689,0.151769929,3.678915529,1,0.336598563,12.94021138,3.414154078,6.971459562,89.29945233,0.133025751,7.329109952,46.42278237,1.513312584,69.44836883,0.089738213,0.060589997,3.713350107,542.8282229,0.808048223,0.885883905,0.237776868,0.918325624,42.25635922,0.056620615,53.31441048,0.11640701,7.713907057,44.98253275,5.310043668,248.6200873,0.277546435,0.063845334,237.0917031,0.517667474,0.747706686,32.61070162,0.050169055,4.627892614,0.604221636,2.570946397,4.875144915,243.7467018,0.32156557,0.944925195,105.2849604,7.190788145,46.85751979,4.604221636,229.4670185,0.226722589,0.059262821,0.526759381,23.40673996,0.034592263,0.22716029,0.06473791,14.53407606,0.029956826,2.204990299
0,40.11248332,1191.030567,20.30847955,22.29926627,2.500821655,0.795278774,0.460940107,0.962797609,2.275103312,0.870987648,0.867747934,0.988535127,0.971953315,-0.718019838,0.992563287,0.202399344,5.922170087,0.140005225,3.790774558,0.99884335,0.322793627,11.84434017,3.43442347,6.200021981,189.5932202,0.159436116,6.804116417,42.58823116,1.374552852,59.68836216,0.08107136,0.063032758,3.515345171,981.2117548,0.824668701,0.901630023,0.143593099,0.926253234,39.42790589,0.059116783,125.4084014,0.146334191,7.297729318,42.15869312,3.700116686,166.1528588,0.190009008,0.067257159,446.3325554,0.520808116,0.749229033,31.46631302,0.052894089,4.413779937,0.649734647,1.331319125,4.607617754,467.3912055,0.354352696,0.725652547,216.1842305,6.661864474,42.67096285,3.918877938,169.9780136,0.206728887,0.061877,0.557431556,23.5115759,0.038156462,0.444073224,0.03216694,17.33528583,0.031356388,1.102786005
0,49.42072848,1513.104218,-15.44089783,26.29169052,2.221598461,0.840055967,0.421844968,0.934025127,2.029339359,0.879201386,0.875998284,0.989784618,0.974091733,-0.734449428,0.994660796,0.189774221,6.584350928,0.11624759,3.976801759,0.995793818,0.283707335,13.16870186,3.650711726,7.128322245,157.7188074,0.132047994,7.676082848,51.56060961,1.397363076,72.23759507,0.078803131,0.060977012,3.711079115,972.6625933,0.814228708,0.895427286,0.150056792,0.921500205,47.61080719,0.057097248,98.80121212,0.119759045,8.505514784,51.79393939,4.383030303,222.8484848,0.200426185,0.066716278,411.4,0.498666667,0.732590917,38.08914639,0.051201726,4.675870205,0.61844078,1.768439302,4.824314458,462.0764618,0.346384154,0.761900159,181.1574213,7.474873508,51.48725637,4.134932534,209.9025487,0.201776401,0.059563309,0.531294978,27.54463581,0.035646544,0.334563964,0.038712954,13.96710462,0.030236884,1.307957561
1,44.98181299,1592.719837,17.71661475,26.0137449,3.031503912,0.792893412,0.486167846,0.941409565,2.728251506,0.882564575,0.877688905,0.986463867,0.971782686,-0.735942345,0.993202945,0.160308329,6.258508095,0.131215952,3.780056709,1,0.306445734,12.51701619,3.431627407,7.261312204,123.1204915,0.13639965,7.827567665,46.92684352,1.43625894,69.13752365,0.079571134,0.060022718,3.669381139,728.1660193,0.806575805,0.890285996,0.174344522,0.917996532,43.13060409,0.05583703,78.24600639,0.12499362,8.348265778,45.80031949,4.348242812,213.9073482,0.205992679,0.065610256,318.1629393,0.508247507,0.741080259,33.40138406,0.052063225,4.609244329,0.617357002,1.724463861,4.792716817,336.3392505,0.331695513,0.874592004,142.9526627,7.657477757,47.04733728,4.400394477,208.2445759,0.222828025,0.058783574,0.532369055,24.33099633,0.035720945,0.387241493,0.036360268,19.04082546,0.038855296,1.386941591
0,51.99053403,1917.672467,5.826535324,31.15253199,2.208851894,0.87040891,0.421615884,0.883655405,2.007141638,0.871080651,0.86940373,0.990288699,0.973834834,-0.750303672,0.993376977,0.221047773,6.667065062,0.13475515,3.696307163,1,0.275591952,13.33413012,3.455082379,8.34034597,44.75081005,0.109926102,9.174488156,53.10511203,2.059439951,117.6154478,0.089387596,0.06084023,3.752542605,338.8727859,0.8316086,0.889737991,0.790965063,0.929620884,49.36827191,0.057059193,29.75182482,0.108583302,10.21888486,51.90145985,7.547445255,454.6678832,0.244519486,0.067679646,141.2773723,0.515610848,0.745960582,39.2453542,0.051422509,4.60777675,0.598253275,4.753423198,4.806027969,150.4366812,0.328464369,0.776491676,50.1790393,8.947355123,53.38209607,4.318777293,240.4344978,0.203909547,0.059174826,0.5223041,27.57256793,0.034738145,0.161381352,0.09846639,14.31690268,0.039466081,3.760480349
1,57.04700953,1350.72904,-49.88118112,21.70987704,4.31506436,0.662634454,0.663090156,1.091219434,3.860818863,0.847470029,0.84191646,0.980745536,0.962181331,-0.675234142,0.988908976,0.208789388,7.253455075,0.144933748,3.775568523,0.989641012,0.333274413,14.50691015,3.426417562,6.50623535,98.82818575,0.168730265,7.115955772,60.27234394,1.361983669,81.95767817,0.064212008,0.053000973,3.415140444,482.5703692,0.823711785,0.901153846,0.130196805,0.925935528,55.94211848,0.050501896,63.36538462,0.152320636,8.053387343,60.23317308,3.846153846,229.0168269,0.143573121,0.061301959,217.8365385,0.523645525,0.751898643,45.21887683,0.051877689,4.340212053,0.64,1.404747596,4.457003217,230.8523077,0.355157396,0.746991716,113.4553846,6.871538462,60.16153846,3.953846154,232.9092308,0.1423123,0.050948707,0.555978205,33.49778248,0.035715593,0.284608106,0.041296148,22.95654206,0.055103652,1.566724654
1,45.40513632,1592.676846,16.1779377,27.83127864,3.400324523,0.781071917,0.564077918,1.065318096,3.067619729,0.857033948,0.852470701,0.984749885,0.966836452,-0.704775664,0.994452166,0.209349833,6.268384596,0.091464468,4.173498673,0.998120577,0.223806996,12.53676919,3.777573205,7.80790079,161.7971735,0.118119274,8.306853251,48.08544396,1.357648343,65.69154799,0.085458627,0.068265305,3.760440543,1130.739525,0.825500172,0.902338603,0.129419913,0.926821637,44.50923926,0.064489541,109.969574,0.111531008,8.967665985,48.06186613,3.84989858,191.7636917,0.199279574,0.074564904,530.535497,0.538068455,0.761865067,36.7049962,0.060558664,4.624065504,0.649538867,1.479672823,4.849600593,541.1936759,0.356517573,0.766395698,182.3833992,8.13107228,48.18379447,3.939393939,194.9914361,0.205318867,0.066461598,0.565981921,27.22783286,0.043246178,0.678467473,0.02230303,19.70956446,0.045313298,0.863014571
0,59.97971751,1864.401516,-96.4068395,28.23695125,2.3559709,0.851251137,0.437109736,0.92463564,2.133287086,0.875896316,0.872585473,0.989282804,0.973304441,-0.716037896,0.992908959,0.194693928,7.314601952,0.100331555,3.858379692,0.994570984,0.179748626,14.6292039,3.589186816,7.648230537,87.64599643,0.145523084,7.079037525,61.07133239,1.34721997,83.17618396,0.061952244,0.049238206,3.484607724,497.1021047,0.825032206,0.902923538,0.119912507,0.926331328,56.4844043,0.046389006,62.12702079,0.143480418,7.386812026,60.47806005,3.466512702,217.0369515,0.154247976,0.053645324,220.5935335,0.509453888,0.741076273,44.17448823,0.044723058,4.341091183,0.649175412,1.09363216,4.567781631,240.2473763,0.360190969,0.695225101,97.4017991,7.00560814,61.26086957,3.851574213,242.898051,0.155251979,0.048096192,0.554616442,33.31348576,0.031698236,0.200805495,0.058524601,15.24193399,0.037556756,2.310426143
0,37.57019246,1729.92417,50.98163656,26.56799051,2.554270982,0.819022525,0.480919999,0.998593013,2.309449577,0.858660784,0.855180983,0.988606196,0.970377333,-0.693337631,0.990896159,0.227138464,5.604317915,0.136051636,3.831572875,0.998808375,0.289794192,11.20863583,3.44259449,7.280565373,167.366766,0.146887901,7.469627981,38.85941289,2.363068978,103.2322716,0.132751224,0.08564334,3.570159281,941.2561513,0.826882427,0.885019455,1.078678228,0.927089418,35.91876132,0.07983951,93.54668471,0.1265855,7.958646527,37.12449256,9.98240866,457.6698241,0.439794631,0.095616806,361.1677943,0.488725026,0.724706723,26.54640406,0.072055961,4.614695504,0.575097276,6.958857103,4.661755282,418.5003891,0.325681237,0.777232661,195.7595331,7.369970779,39.29027237,4.463035019,189.2280156,0.306759274,0.083431998,0.49787527,18.57699524,0.047338078,0.576748668,0.026503698,19.97220973,0.040063698,1.041632356
0,42.56993962,1840.607283,47.40436223,30.16858151,3.885289391,0.770103147,0.637240109,1.150012612,3.461349676,0.842957306,0.836884431,0.9824939,0.962749933,-0.686415176,0.994077508,0.219256433,5.997922194,0.074054797,4.28996476,0.997718243,0.160452508,11.99584439,3.816168088,8.513467726,105.7276345,0.10413407,8.498652498,44.93441305,1.428387317,64.73916533,0.095666818,0.072107907,3.850323411,834.9674119,0.821743278,0.896072374,0.180551455,0.924730879,41.49966221,0.067405663,72.11647727,0.102438178,9.063757022,44.91051136,4.044034091,185.3125,0.237012426,0.077430584,341.9346591,0.485702641,0.723347427,32.62419281,0.059046197,4.786896069,0.621359223,1.4539462,4.952031938,393.4007061,0.347220394,0.715623488,118.80406,8.373188522,45.01147396,4.06972639,186.1977052,0.250126134,0.070813655,0.528358831,23.76164141,0.041576307,0.811582219,0.024560846,22.87394429,0.052829313,1.042290946
0,61.83380193,2944.089784,-145.8158343,36.62320562,6.343855941,0.699688507,0.846541023,1.111136795,5.553182777,0.839828269,0.833563043,0.972379657,0.954565664,-0.699839818,0.991991531,0.193389291,7.354933902,0.090612462,3.943369662,1,0.173899099,14.7098678,3.548950576,10.74176539,72.93059309,0.122927363,10.88996544,63.3277615,1.393587659,90.7838303,0.095606853,0.07601391,3.63998865,494.4591862,0.833280827,0.901595745,0.162607488,0.930105395,58.96724633,0.072118845,49.88207547,0.117646404,11.44132698,62.24056604,3.641509434,242.3537736,0.213734282,0.084614041,220.5849057,0.520247419,0.749183169,46.5515371,0.069242469,4.523230434,0.6443769,1.233156817,4.718415585,234.4620061,0.356325237,0.74196469,81.95744681,10.70657145,63.52279635,3.936170213,255.9331307,0.224088733,0.073795634,0.556598278,34.85978343,0.048718286,0.463295329,0.024024974,37.79341724,0.093807001,1.464110972
0,64.16908912,1705.935261,-86.18740514,21.88877573,2.558079456,0.786469531,0.435782946,0.905265655,2.36484873,0.885760672,0.882601289,0.988496327,0.974126895,-0.714884373,0.988613182,0.173180264,7.701903071,0.164274725,3.421183357,0.994082802,0.343028399,15.40380614,3.146142934,6.111713797,207.6746197,0.195902617,6.459205072,63.38972207,1.399480413,89.0590164,0.061824399,0.047233593,3.253341574,857.8681841,0.808972339,0.893218197,0.145595235,0.919099936,58.06649434,0.044891606,128.84,0.177710345,7.126441855,62.95310345,4.249655172,272.257931,0.160275106,0.053596687,345.8248276,0.476999762,0.716199147,44.74035639,0.043784395,4.302287657,0.610783488,1.569095838,4.337680875,406.6293176,0.342568928,0.720965472,238.0227464,6.280315607,63.60320135,4.159224937,271.6065712,0.140506237,0.045543013,0.51742137,32.43212651,0.029524306,0.363273788,0.034805897,13.98646097,0.041866811,1.182267292
0,51.9432923,2198.436427,-39.70884654,33.96256648,7.046596229,0.652759834,0.971470777,1.302822594,5.983641235,0.807188982,0.798699429,0.969247434,0.947034768,-0.653825426,0.993458633,0.23321358,6.714499737,0.063706056,4.481608201,0.992012696,0.127376819,13.42899947,3.964160883,10.25229068,68.83447646,0.102901365,10.27235916,56.70284859,1.455343524,83.1877668,0.09256934,0.072382387,3.842505532,558.2021642,0.833109963,0.900403769,0.215982691,0.929856604,52.74914641,0.06846015,48.41350211,0.10213819,11.16411188,55.89029536,3.816455696,217.1708861,0.209354146,0.082093229,239.9367089,0.506195588,0.738752395,40.12628058,0.068588473,4.727440226,0.63795424,1.359366376,4.898171899,262.30821,0.353039314,0.692210293,76.84656797,10.07174363,56.76312248,3.920592194,220.5397039,0.227876533,0.07030132,0.545968671,30.04949978,0.047390294,0.632932401,0.022921487,36.39863086,0.099920537,1.090205398
0,60.05743886,3307.422122,-78.66822937,48.73522366,4.617452096,0.82730886,0.748712192,1.178153656,3.96571386,0.814481365,0.808999027,0.979321288,0.956357557,-0.613703468,0.985369387,0.272212757,6.998489646,0.087885872,4.041518787,0.985120758,0.193555992,13.99697929,3.656123759,13.33816894,78.54610254,0.142437656,12.56737625,65.60810342,1.429626636,95.07574592,0.099598513,0.072235994,3.479881249,459.7771477,0.83315969,0.899265905,0.188428399,0.92984705,61.26483675,0.067355478,53.84974093,0.139507101,12.54684018,65.65544041,4.142487047,289.7227979,0.253374075,0.075842921,202.8393782,0.525490617,0.753129411,50.72767685,0.058170655,4.374490349,0.629690049,1.620479744,4.5965852,213.4698206,0.34823788,0.730666979,88.04730832,12.61834797,65.48287113,3.991843393,259.1761827,0.270823365,0.071714052,0.549707268,36.7715919,0.041496787,0.525801329,0.021280658,33.50729002,0.129807613,1.656798518
0,53.03906248,2326.929393,-34.80118629,36.42817589,5.803981484,0.720825999,0.836017482,1.227967447,5.086476363,0.824701583,0.817641833,0.974325884,0.953603323,-0.657515536,0.992335165,0.223369592,6.72086407,0.076850343,4.286525602,0.992202221,0.171492852,13.44172814,3.810982572,10.55803934,93.65116646,0.11393157,10.44268071,54.6517901,1.4123341,76.11776208,0.107887664,0.078813737,3.751715882,687.4872018,0.835796881,0.902305159,0.181937225,0.931233189,50.90690887,0.074794601,63.60689655,0.109667063,10.93543401,54.76896552,3.867241379,210.012069,0.264894205,0.085563444,300.4862069,0.518079667,0.748005919,40.94255966,0.069443909,4.684171037,0.636663008,1.400175386,4.817290871,324.2996707,0.355982075,0.669078141,104.8572997,10.32381636,54.55872667,3.843029638,207.5751921,0.251729339,0.077239464,0.552243566,30.24470637,0.048906844,0.64770238,0.020912162,32.2162929,0.084134485,1.090445574
0,54.35520609,1431.815422,-47.37056926,23.98458309,3.98993699,0.687833311,0.605942379,0.977247669,3.448435038,0.859776352,0.855381735,0.982397947,0.965517525,-0.746205536,0.992916727,0.198173499,7.010299075,0.135682827,3.630937319,0.993089136,0.285380411,14.02059815,3.360340806,6.993630019,66.21311613,0.139759545,8.09270447,55.60340191,1.428241832,78.78016027,0.084291661,0.063445487,3.559325959,394.8024849,0.831571223,0.898200758,0.185132465,0.928977147,51.48440336,0.060341325,40.75535168,0.124634103,9.011811576,55.35168196,4.519877676,251.8256881,0.211862356,0.070854122,169.2262997,0.51751162,0.747049758,40.82368769,0.057468755,4.485223416,0.619318182,1.912689729,4.617739554,182.9886364,0.346569387,0.68524736,75.625,7.884781767,55.69886364,3.977272727,224.407197,0.191174675,0.061650133,0.539575442,29.61171612,0.039463525,0.202622491,0.056245007,24.66690631,0.051757456,2.095578738
0,50.12486702,1846.966118,-18.60811753,26.02356156,3.179648731,0.742782138,0.426483539,0.723113913,2.98654585,0.916135142,0.913359578,0.986304866,0.976975082,-0.794922135,0.987998251,0.108004123,6.643243649,0.283411573,2.912735031,1,0.471890308,13.2864873,2.679485902,7.300802574,117.5932519,0.231136797,7.390187864,52.41429147,1.722001593,85.08638076,0.124387466,0.062612872,3.224015788,416.710544,0.814774774,0.876500858,0.411705328,0.921206134,48.15948111,0.058358707,68.06875,0.212714844,7.36234375,53.09375,6.571875,313.640625,0.465008125,0.062112157,155.41875,0.485683594,0.724403231,38.06293033,0.0436482,4.283438437,0.548885077,3.252646484,4.415809255,181.9639794,0.312116603,0.862634566,136.7941681,7.394284605,52.25900515,4.814751286,246.3036021,0.292215709,0.062686909,0.482458071,25.31232943,0.029360597,0.156022555,0.074714853,16.3002695,0.0412395,2.508713007
0,34.9805847,1679.745865,51.76215724,26.91210149,7.988507681,0.54454884,0.992694805,1.161968178,6.930307205,0.83375425,0.825986991,0.965855133,0.948495434,-0.723604233,0.993964882,0.174871285,5.487206651,0.108331533,3.946338405,1,0.243640125,10.9744133,3.533635588,8.725152293,63.24142787,0.123441504,9.076332978,41.00000625,1.415439235,56.6862444,0.123770349,0.092970383,3.710457744,417.3341771,0.814598508,0.895541958,0.168033818,0.921905795,38.14217634,0.08680075,41.28412256,0.114997556,10.01440088,41.98885794,4.250696379,170.637883,0.310696099,0.10120659,181.6016713,0.505854238,0.738800856,31.88504706,0.080645425,4.595797166,0.627622378,1.712044444,4.783945328,195.1258741,0.341129151,0.76320358,72.45804196,8.840270307,40.58916084,4.132867133,155.208042,0.331735809,0.091302088,0.538659188,22.99731352,0.056048395,0.626732508,0.030554739,36.74038027,0.086251489,1.401284688
1,52.65985546,2273.645985,-45.43644113,36.36736351,5.862329315,0.7147142,0.876437862,1.335281475,5.060611845,0.813227958,0.803611366,0.973632947,0.950748321,-0.63389493,0.988364312,0.223903603,6.693933649,0.094500721,4.140678236,0.993408281,0.2134042,13.3878673,3.696996992,10.55742321,82.40387858,0.129892316,11.08497329,56.77286988,1.408125304,79.61132907,0.101241897,0.077318927,3.622693096,523.7497232,0.824657331,0.898725212,0.167840273,0.926045524,52.39122307,0.073158955,54.61160714,0.121900909,11.78710439,56.47991071,3.785714286,213.0223214,0.245199582,0.084574819,227.1875,0.507114955,0.740019459,40.98376797,0.068999698,4.557139691,0.634560907,1.302275989,4.70663051,246,0.348441926,0.726014975,93.30594901,10.8884912,56.92067989,4.002832861,232.1529745,0.242386142,0.075266512,0.544888259,30.33952314,0.048408144,0.504413749,0.023029562,37.36514612,0.101319176,1.266813273
0,60.29968472,1865.304232,-71.78430287,24.986491,2.899587876,0.796139411,0.414324671,0.753489716,2.711915988,0.910979003,0.908156643,0.987371643,0.976992689,-0.770634323,0.989347981,0.121127246,7.396196801,0.233940568,3.104461503,1,0.443942104,14.7923936,2.902509314,6.971519718,270.4295509,0.247033325,7.492250744,60.14381366,1.453552387,88.6975111,0.076973814,0.058133444,3.136675112,889.7995827,0.812432795,0.889520715,0.188730682,0.920454525,55.40520966,0.054924849,167.6056528,0.225579613,8.254633194,59.79273217,4.563930013,280.5074024,0.194387302,0.0654286,361.2530283,0.486208652,0.724270099,43.3848504,0.051502554,4.179424739,0.60357433,1.818954477,4.272380316,407.3070674,0.330874953,0.775295128,310.9220146,7.290083353,60.23314379,4.324126726,263.3379366,0.182152837,0.056162046,0.515680341,30.92341479,0.034700557,0.252241695,0.033940051,19.7363279,0.034216476,1.246734987
1,41.75335541,1234.608271,28.68340122,19.81491053,3.442059974,0.69612683,0.538261096,0.970743195,3.090645657,0.87785402,0.872645354,0.984425751,0.969192285,-0.729900001,0.992133672,0.15949058,6.1332145,0.16211604,3.658203359,1,0.335125885,12.266429,3.273781411,5.814242626,154.4568552,0.167648439,6.212338494,44.37848038,1.736040947,78.1459212,0.083872455,0.058907252,3.52028389,753.0882694,0.817564063,0.890851888,0.472017249,0.922986078,41.06448293,0.055087019,88.4688,0.14155008,7.0656,45.0112,5.9024,266.6176,0.233766269,0.064235483,303.016,0.4848256,0.722286284,33.06437001,0.048877793,4.584972071,0.605033882,3.17065216,4.602879238,347.0116167,0.335926057,0.755457136,180.2739593,6.008048063,44.27299129,4.2642788,186.0813166,0.201301858,0.057486111,0.515317844,23.34413171,0.03354415,0.28646363,0.045836415,16.59263606,0.029161361,1.307161334
1,48.14789504,1171.123016,-26.44116384,20.90781667,3.221275343,0.729522174,0.480456745,0.86573114,2.982890399,0.890648685,0.887628066,0.985841406,0.97284764,-0.761858637,0.993993088,0.156276369,6.609424336,0.167536394,3.61407512,0.99773149,0.365828516,13.21884867,3.356754164,6.032273003,267.8539941,0.191972464,5.89681572,50.43403494,1.4370243,75.22854886,0.066503732,0.050322493,3.469908162,1132.066874,0.810252652,0.890306122,0.172854099,0.919328128,46.34561941,0.04692098,165.434322,0.175248222,6.256100079,49.14194915,4.375,237.5360169,0.172701466,0.055197519,448.9470339,0.475579485,0.715994777,34.85732728,0.041875887,4.53177137,0.602040816,1.616022695,4.578981993,525.4642857,0.335117529,0.75031237,307.2385204,5.798671127,50.70918367,4.275510204,224.6887755,0.175123072,0.049169218,0.512070047,25.23239512,0.028605205,0.297246833,0.037629667,15.25538966,0.027469837,0.869235813
1,53.86351906,1846.570445,-49.61967218,28.10580562,2.807443758,0.818111128,0.442365987,0.846745641,2.611072687,0.892434842,0.889864172,0.987527139,0.974462818,-0.737785605,0.991118797,0.161136811,6.886839926,0.182058218,3.462540878,0.998276586,0.384426928,13.77367985,3.194908971,7.728312344,143.2504638,0.177766342,8.26392399,53.75544019,1.733579176,98.94293386,0.089122791,0.063272976,3.47581787,648.0619535,0.804070704,0.876768226,0.429348124,0.916501972,49.38940393,0.059191184,72.5256917,0.143331407,9.158700339,52.85968379,7.053359684,404.2411067,0.291564037,0.073655915,232.826087,0.460130607,0.701875058,37.58257051,0.057150072,4.637013151,0.550598477,3.754757144,4.584893291,288.6800871,0.314124143,0.838755282,171.304679,8.066417938,54.05223069,4.782372144,267.8193689,0.222261468,0.060910755,0.472543828,25.30396717,0.035687702,0.259120798,0.040771237,19.48391765,0.03961793,1.616290457
0,41.6705254,2072.722309,42.07564032,35.23528608,3.728027121,0.817487343,0.600481174,1.047847538,3.309583602,0.851941425,0.847878659,0.983375925,0.965063115,-0.681578547,0.992002548,0.218885568,5.81176367,0.089036481,4.075748243,0.993345094,0.179746793,11.62352734,3.723797548,9.740828299,117.8260076,0.129042971,10.09675119,44.84840954,1.387520855,61.62431278,0.116271207,0.08802819,3.66761647,747.862473,0.818997527,0.897738446,0.146395234,0.923741396,41.38199084,0.082230988,81.14596273,0.126003048,10.3816476,44.81521739,3.799689441,170.9083851,0.291407683,0.092460308,322.4037267,0.500626905,0.734474887,33.02155643,0.070489243,4.581661522,0.633235005,1.305840342,4.780160835,355.4759095,0.349533834,0.752553687,132.1838741,9.983640936,44.82497542,4.058013766,181.8318584,0.306408349,0.086683913,0.540618923,24.34761526,0.05061102,0.795963747,0.020550333,27.20621999,0.068593344,1.158303776
0,48.8796033,1446.887287,-33.90175197,24.33195875,2.456992229,0.813488376,0.390908835,0.795564266,2.286337026,0.903730413,0.901124562,0.989115159,0.977331243,-0.760125424,0.992968966,0.142940945,6.588161636,0.183485975,3.521107661,0.99398413,0.395190232,13.17632327,3.274193294,6.697237744,287.1637885,0.201267717,7.032376178,52.06013322,1.475975653,75.55138099,0.079435442,0.057389528,3.462547871,1127.676555,0.789969197,0.881953028,0.189325616,0.909967084,47.5212451,0.053174589,168.14862,0.17850172,7.740495445,52.71019108,5.278131635,267.6847134,0.233620841,0.063032351,429.8598726,0.456326829,0.698943346,37.14361559,0.047938574,4.550621607,0.582200247,2.327906023,4.588732261,520.9641533,0.321980317,0.815200136,335.6032138,6.867240225,51.81025958,4.595797281,229.6372064,0.224079002,0.056178472,0.488098819,25.80340286,0.031759982,0.32068218,0.033535127,14.83654282,0.028970406,1.002912572
0,63.3229571,2513.880714,-134.9860825,30.25589632,2.107757345,0.86383122,0.388893615,0.857861397,1.946617584,0.883157163,0.881621208,0.990866332,0.976068879,-0.708423475,0.991446539,0.199465102,7.499793729,0.107436665,3.766498443,1,0.199864886,14.99958746,3.508550954,8.090913416,127.3635594,0.150959398,8.039089592,61.61060232,1.504917747,93.56849684,0.083530128,0.061426731,3.519636292,674.9090471,0.799460783,0.879562044,0.209822152,0.913803208,56.07397702,0.057389333,81.18312388,0.145750671,8.443901511,61.1561939,5.043087971,337.9425494,0.235264263,0.068259862,253.2010772,0.454580031,0.699821279,42.43715518,0.053912796,4.52591097,0.580813347,2.078756096,4.687426945,304.0448384,0.317043627,0.892307224,145.9217935,7.929880034,61.88112617,4.747653806,305.2450469,0.22912885,0.059559551,0.488700904,29.72168289,0.035427061,0.335269286,0.036134251,15.69843184,0.044301286,1.608533587
0,54.90017101,1591.451477,-28.81642264,25.27948842,1.924179424,0.853141775,0.311225235,0.675581625,1.802041198,0.923225333,0.921089114,0.991358527,0.981886716,-0.783205967,0.991744347,0.113320351,6.999650076,0.217954846,3.215306329,0.995278973,0.431122122,13.99930015,3.049670448,6.800916961,333.5194268,0.236248667,6.844700278,56.27190168,1.587352917,91.36944074,0.071116088,0.049431517,3.288252677,1109.319254,0.785044024,0.871221468,0.267557092,0.907242378,51.23545187,0.045627223,189.6047565,0.214727924,7.367812038,56.59003398,6.388448471,373.7100793,0.240061229,0.055404999,388.8822197,0.440410215,0.689044425,39.47226215,0.042269415,4.4635291,0.544725478,3.018334233,4.462106841,493.4737816,0.304425528,0.867068979,391.2553979,6.741363832,56.13078347,4.988895743,275.8173967,0.208293921,0.048249817,0.461104599,26.26900884,0.026474524,0.260838452,0.035342212,13.42042485,0.022715698,1.260686499
0,57.274871,1630.26352,-86.51592805,22.0108423,3.07090596,0.757242747,0.451719232,0.83812673,2.863255756,0.897192588,0.89452848,0.986673035,0.974550501,-0.733088909,0.988519385,0.148597274,7.237239854,0.197217502,3.280676819,0.991915234,0.379417209,14.47447971,3.00141911,6.270437065,151.8654951,0.175317235,7.51332324,62.56106275,1.576593925,99.05287864,0.07517201,0.055893206,3.40240533,678.4496256,0.782660612,0.870230924,0.254735375,0.905996955,57.19166304,0.051981138,82.26373626,0.150666184,9.015165238,63.95421245,7.19047619,435.8205128,0.24505722,0.066504969,267.3956044,0.489735539,0.72751826,47.41143709,0.053216945,4.450651839,0.548192771,3.862858753,4.56269184,297.7871486,0.298983081,1.064809439,182.7971888,7.173920582,62.1064257,5.218875502,306.5481928,0.212810298,0.053608417,0.481338967,30.96050731,0.032573671,0.343358989,0.031579365,21.81962521,0.052001539,1.157910972
0,46.22232504,1483.318712,1.269673169,26.00962716,2.74083059,0.800947736,0.466876534,0.932047459,2.489093912,0.877640961,0.874613087,0.987640697,0.972294691,-0.744229444,0.993598682,0.187893488,6.351166288,0.148363693,3.719301941,1,0.341919175,12.70233258,3.409567187,7.187614438,186.1746492,0.176972375,7.382202669,47.6116891,1.347198612,63.93598684,0.07775394,0.061318837,3.462875658,863.5463557,0.8207268,0.902229846,0.118452579,0.924726009,44.1026838,0.05768414,119.5718085,0.159005065,7.986771093,47.59973404,3.651595745,173.8018617,0.182559278,0.066740831,389.231383,0.517594924,0.746526266,35.7443166,0.053500073,4.404936269,0.644939966,1.247446526,4.532234469,416.0445969,0.356813548,0.70040219,211.7821612,7.216924496,47.52744425,3.876500858,181.0368782,0.195310327,0.059994573,0.554616209,26.55546908,0.038094332,0.302970439,0.040333693,17.26936663,0.034185892,1.261209771
0,41.66095015,886.0088653,-18.06215213,18.14937686,1.442406662,0.854248489,0.29332998,0.724727138,1.334566734,0.910300629,0.908615576,0.993296082,0.981613777,-0.779592866,0.990337178,0.149181938,6.120233065,0.223218075,3.18407719,1,0.435064833,12.24046613,2.990259048,4.897945882,104.4573874,0.201091548,5.351262651,42.41576722,1.39865434,59.7412248,0.072849948,0.055127149,3.371279224,417.4620996,0.803409363,0.891080617,0.138933461,0.916344003,38.8057274,0.051259454,63.38333333,0.176064815,5.735733025,41.96944444,4.797222222,213.7166667,0.202630053,0.059181973,178.5888889,0.496080247,0.727834926,30.47345537,0.045093125,4.322656504,0.617495712,2.174621914,4.45110106,196.9862779,0.337883839,0.835937615,122.7427101,5.223681849,42.51114923,4.337907376,187.8216123,0.199746988,0.054064034,0.523785496,22.03134124,0.031369872,0.106199058,0.11571861,12.01500507,0.017444855,3.230252751
1,56.40573617,2066.854868,-66.70849663,31.50210192,6.117594168,0.674451394,0.827848004,1.149671167,5.359023052,0.829680865,0.824596993,0.974074366,0.954907473,-0.671878518,0.992298413,0.230186261,7.042373536,0.083702074,4.172453861,0.98986704,0.17851793,14.08474707,3.767294309,9.404924022,84.69829547,0.110980239,10.38687199,59.2019753,1.472656148,86.2133594,0.098404146,0.07402004,3.794991587,627.1131332,0.821065026,0.890606768,0.209221565,0.924255801,54.72679801,0.069849075,55.37547893,0.106083293,11.19157088,60.19157088,4.672413793,272.6245211,0.274673174,0.082683192,269.4827586,0.516250495,0.746612459,45.9515806,0.067941358,4.716017495,0.609101517,1.977029844,4.930073216,283.9941657,0.331381757,0.84905555,96.35355893,10.18785239,59.13885648,4.365227538,259.5262544,0.245547255,0.071704228,0.531165565,32.29579444,0.045716473,0.553810446,0.022530151,35.11354584,0.099500362,0.971050965
1,47.23966384,1834.934935,-13.59250908,29.85671051,5.467201899,0.676937274,0.778650742,1.097309551,4.849840589,0.839013616,0.832904126,0.975801694,0.957016514,-0.707587961,0.990613819,0.206215699,6.398359931,0.141517163,3.713718821,1,0.299915518,12.79671986,3.389863338,8.830978102,80.49549361,0.168415028,8.370244645,47.92074986,1.614600106,75.04981084,0.111639281,0.07669258,3.38493192,405.009058,0.846863795,0.901886792,0.381958841,0.936493509,44.68940738,0.072769408,50.28528529,0.151006863,8.906383861,47.13813814,5.039039039,227.5375375,0.320374925,0.084245042,173.9129129,0.522261,0.748923889,34.5385618,0.06789438,4.317031599,0.628301887,2.505875245,4.476734818,188.7169811,0.356069776,0.644300463,91.2490566,8.242919188,48.14716981,3.830188679,190.8264151,0.234135335,0.074836279,0.545794025,25.51424266,0.0471548,0.254401774,0.046353658,30.29066887,0.062328534,1.832264508
0,46.72155042,2074.455933,-0.277186066,36.00609976,3.550425603,0.822171044,0.609282423,1.107701163,3.091023769,0.840706319,0.834635231,0.984145314,0.963700672,-0.705269896,0.993360303,0.229259027,6.193366481,0.080521244,4.022418462,1,0.147412021,12.38673296,3.672404857,9.889131341,30.48139385,0.114169302,9.861441284,49.01056164,1.364599734,66.95192922,0.11014145,0.083505977,3.742467544,220.5898498,0.825422198,0.902027027,0.133059354,0.926548012,45.58965638,0.077468907,21.88082902,0.113372171,10.07941153,49.58031088,3.295336788,168.1761658,0.240486044,0.086398668,97.51813472,0.505275309,0.738153425,38.0072985,0.063500642,4.578352148,0.652027027,0.943166259,4.833274938,105.3851351,0.356030862,0.696493791,33.92567568,9.822635135,48.88513514,3.878378378,189.2027027,0.297754018,0.082921551,0.553626126,28.10829204,0.0469778,0.158129059,0.098045711,20.94535695,0.058743407,4.478544165
0,58.52533839,2825.611047,-49.39767574,42.66307837,4.047278412,0.831182183,0.602292217,1.023977087,3.645380159,0.86170611,0.857039566,0.9824848,0.965882082,-0.697535232,0.991932066,0.193014922,6.975081813,0.102412078,3.886859618,0.98644673,0.211914705,13.95016363,3.603672255,11.67758919,72.06742929,0.126477427,12.59257597,59.52320465,1.510490919,92.97655431,0.106826343,0.079486024,3.634702314,464.5586533,0.814816823,0.888455538,0.239612059,0.921496474,54.89997399,0.074719888,46.73126615,0.120752626,13.17354059,58.62273902,4.669250646,292.005168,0.277306089,0.089315475,193.8630491,0.500938111,0.735749091,42.88033352,0.072138601,4.581211607,0.60374415,1.925819095,4.757097107,209.1965679,0.3263597,0.823046089,82.00468019,12.44425028,59.69110764,4.404056162,266.524181,0.272130363,0.077124551,0.521567429,30.60714595,0.048228928,0.44586341,0.029481995,26.59457029,0.113364867,1.753270504
0,53.03900703,2140.096289,-47.38435773,30.74462535,5.951115613,0.679383716,0.767713825,0.984815917,5.143494547,0.8634615,0.857711239,0.974211702,0.959482221,-0.725002802,0.991550613,0.154882479,6.81771222,0.128874435,3.666903551,1,0.260475832,13.63542444,3.36752771,9.17393524,97.89331267,0.151900623,9.060036648,56.6529453,1.646699534,93.63415606,0.101524383,0.068914814,3.453334224,535.7775586,0.829788596,0.894244105,0.391646693,0.928371215,52.44927527,0.064673967,65.42465753,0.149371364,9.4933644,56.75114155,5.262557078,309.3630137,0.272365303,0.07341489,211.4429224,0.482746398,0.717192444,41.43493001,0.052834189,4.380601382,0.607489598,2.552850232,4.554589281,250.7808599,0.347823661,0.696132087,109.8599168,8.955157442,56.75866852,4.104022191,240.1678225,0.229874882,0.06759252,0.515711974,29.61043766,0.03720158,0.421437512,0.030445814,26.65558638,0.078053232,1.404541356
0,72.86585995,1308.276733,-76.56998184,17.0206145,2.022409724,0.792653454,0.374261827,0.83575522,1.871343975,0.892260593,0.88925901,0.990974829,0.97708351,-0.751052323,0.990955139,0.169367465,8.29530617,0.144865988,3.402015879,0.995512293,0.264850723,16.59061234,3.176937842,4.760756055,101.2094232,0.164909473,6.18299757,73.57679648,1.486504494,113.0231106,0.048969949,0.040043159,3.368909423,497.5969305,0.810252851,0.886921965,0.212719482,0.919263598,67.67429233,0.038293504,63.66666667,0.153784219,7.390073281,72.35990338,5.357487923,397.9903382,0.127504901,0.049589151,211.2753623,0.510326962,0.742334481,52.67736698,0.043711686,4.325845538,0.598265896,2.563583748,4.503560146,224.7023121,0.324714324,0.886857229,115.8121387,5.880366868,73.82369942,4.514450867,337.0924855,0.107654357,0.037797883,0.521571933,37.42897961,0.027759059,0.160491031,0.052780779,17.00699389,0.024377068,2.64096719
1,50.90092778,2810.539958,-18.63168349,41.79800501,7.744104453,0.690965342,1.103728108,1.331710664,6.401801521,0.773960515,0.765812374,0.96546421,0.939166669,-0.619053837,0.989618118,0.290240104,6.494609259,0.068916562,4.39563415,0.995757404,0.157959782,12.98921852,3.923093501,12.38552737,62.28369621,0.122920613,12.76921344,56.29178571,1.427317401,85.84856866,0.120592194,0.091624964,3.654684766,430.7234263,0.848352902,0.909335727,0.209973317,0.936722748,52.78782376,0.086678736,44.55795148,0.120102295,13.04092531,54.78436658,3.555256065,222.7520216,0.2737899,0.097420356,205.2641509,0.553272644,0.772160641,41.63597709,0.079248544,4.427759058,0.666068223,1.301211122,4.704768215,207.2441652,0.37207211,0.676791867,68.94614004,12.70525288,56.56912029,3.653500898,210.2854578,0.29909727,0.09026711,0.583938261,31.85662777,0.058159557,0.789601829,0.016567684,53.15285999,0.153421291,1.331982088
0,66.51156201,2078.366364,-143.7317679,21.98458601,1.084107453,0.906596223,0.206711685,0.576793945,1.037131703,0.937312546,0.936344734,0.995207235,0.987189476,-0.776872583,0.982586239,0.10606947,7.828162921,0.29339846,2.678274871,0.992971932,0.506902178,15.65632584,2.555430948,5.767173366,589.4663554,0.336946369,5.515651001,67.19084835,1.54455053,103.828798,0.06211616,0.043166838,2.731737741,1408.458033,0.80497814,0.884479272,0.265620366,0.917014086,61.55044924,0.040264945,362.2140351,0.31773161,5.991908279,67.13333333,5.538596491,378.9,0.188781924,0.045996006,515.2526316,0.451975993,0.696204305,46.94379181,0.033574339,3.860964136,0.576339737,2.528067098,3.856569489,652.7896866,0.33002512,0.742479714,673.8806876,5.401531099,67.26794742,4.444893832,302.653185,0.164542143,0.042411816,0.486399421,32.75463628,0.022751726,0.189380034,0.047904888,7.329567872,0.01814569,1.439129009
0,75.65598335,1978.608964,-117.1373738,21.57717675,4.443292046,0.664649707,0.719056039,1.145475875,3.841669654,0.84297912,0.835753727,0.976044814,0.956161197,-0.635554193,0.979063177,0.193361917,8.441707899,0.135040706,3.455666727,0.994490073,0.243122721,16.8834158,3.120371831,6.505117198,106.7888947,0.172970952,6.802945899,72.79497775,2.167375637,142.7770614,0.065533463,0.037522209,3.232707478,494.2997287,0.800992176,0.876420455,0.862136018,0.915301757,66.12245274,0.034802239,62.20308483,0.159905102,7.528763357,71.98200514,9.532133676,594.5064267,0.245117168,0.041392485,177.7249357,0.456876441,0.701816535,49.17803762,0.03052853,4.30995441,0.552556818,6.256871155,4.380906667,219.8948864,0.312350691,0.795325413,123.6335227,6.648774454,73.10369318,4.75,356.5127841,0.147915498,0.036610381,0.472121212,33.50884864,0.019667823,0.673153311,0.019972198,25.0578331,0.095404737,1.13408518
0,56.17822236,2949.483368,-24.76557057,45.40446048,4.740708359,0.817375679,0.714233263,1.093978609,4.153108453,0.835491506,0.830724155,0.979156345,0.959462103,-0.652853787,0.988557151,0.234822991,6.772980863,0.089749456,4.021402563,0.989746049,0.178635184,13.54596173,3.689873182,12.53629221,64.62374815,0.122848847,12.32149647,55.70785803,1.453917828,83.98992531,0.10780765,0.082628227,3.640565629,435.8317532,0.826120287,0.896081772,0.201081545,0.926034858,51.2606879,0.077790605,44.24396783,0.118616536,12.55147381,53.230563,3.91152815,247.2064343,0.239634239,0.092452478,195.7292225,0.524743224,0.752771776,39.52618641,0.075471515,4.536378993,0.635434412,1.434912923,4.782534163,199.9540034,0.340637144,0.794383708,72.78194208,12.28322339,56.28960818,4.148211244,252.2385009,0.270089542,0.080372329,0.549430721,29.38624692,0.05221976,0.350355249,0.034705491,27.79886782,0.0806897,2.28379794
1,49.59879273,2337.576234,28.5624443,36.71591996,4.007590393,0.799380904,0.658079588,1.114300892,3.55951366,0.830208593,0.82616124,0.982312445,0.961317828,-0.665944238,0.99319515,0.261206521,6.414674127,0.069566879,4.34219543,0.988992701,0.145838967,12.82934825,3.918093939,10.18087759,81.36085158,0.107574479,10.65784201,51.09126112,1.544801381,76.43990785,0.114331524,0.078536439,3.797722782,629.9199449,0.831868331,0.896030806,0.29527155,0.929231872,47.17192597,0.074565541,56.65333333,0.107911111,11.22018685,51.18666667,4.525714286,217.407619,0.318866748,0.08492813,265.9447619,0.506561451,0.739316105,37.13727507,0.068263449,4.701162895,0.622037915,1.941275283,4.917616395,289.7440758,0.343298668,0.734726309,90.47156398,10.51709727,51.19549763,4.090047393,214.2381517,0.258657349,0.076688433,0.535851764,27.00819576,0.04738192,0.522922485,0.030875884,23.46936259,0.066380082,1.532404188
0,62.32084389,2189.023624,-108.5539919,30.37775548,3.927310807,0.773007047,0.622949448,1.061255879,3.460207446,0.847605875,0.843581762,0.982592858,0.963927115,-0.661440263,0.990116418,0.226058194,7.456826905,0.096965504,4.018613844,0.982759876,0.187490833,14.91365381,3.642757803,8.576266573,76.70869333,0.123173743,9.809492381,62.98080589,1.546526553,101.4146204,0.082340711,0.064989874,3.613887187,521.3363471,0.83735333,0.895683453,0.297862784,0.931997201,58.69705508,0.061600354,49.76168224,0.116265613,10.82520307,61.60747664,4.577102804,310.9018692,0.185670331,0.074857745,216.4813084,0.50579745,0.738483363,45.35861058,0.059724916,4.586747401,0.615827338,1.940273168,4.711728927,238.7035971,0.343458413,0.72513845,86.53381295,9.551397961,63.31510791,4.090647482,269.7697842,0.182951327,0.062559217,0.532009592,32.93607114,0.040449885,0.379615632,0.033345461,22.69960801,0.077814637,1.635136098
0,37.48051145,1476.741561,49.4373554,25.09677585,1.410428895,0.892690636,0.362356409,0.924146731,1.273392743,0.871291309,0.868787234,0.993304557,0.975913301,-0.711555216,0.99431838,0.222869979,5.61609451,0.081558469,4.09639206,1,0.156029942,11.23218902,3.79020745,6.626801185,111.7272112,0.120717769,6.350205504,39.01222168,1.519856447,60.5802179,0.101220788,0.070095581,3.731037542,760.0510408,0.820218378,0.891859345,0.258775482,0.923931723,36.09599324,0.065142813,77.40442338,0.122281869,6.521317031,38.66824645,4.549763033,185.0505529,0.27511808,0.073163072,309.7266983,0.489299681,0.726248292,27.94378349,0.054957143,4.645819209,0.60982659,1.860784798,4.871530159,348.849711,0.33607872,0.767935967,125.1926782,6.312655693,39.04913295,4.246628131,167.2225434,0.278420871,0.069525445,0.521726611,20.17285003,0.038536735,0.4608793,0.04105539,13.49318441,0.022844231,1.823379803
0,38.75365159,2375.523891,124.4865893,31.87592536,2.899524565,0.828301825,0.602650082,1.175091909,2.520434971,0.812149137,0.807003522,0.986730456,0.961898525,-0.611926091,0.986937718,0.30322128,5.594604223,0.072313555,4.271901469,0.997616245,0.15309423,11.18920845,3.820944481,8.693862481,85.52798426,0.114788867,9.369554961,43.17454926,1.498727602,69.35331488,0.109349973,0.08425771,3.737000903,626.240249,0.838708058,0.900664251,0.260279954,0.932387316,40.31412288,0.079643117,59.94857143,0.114187755,9.501699773,41.87238095,4.220952381,204.1733333,0.252733768,0.093793198,269.7314286,0.51377415,0.743053747,30.85280459,0.075240353,4.619368184,0.634057971,1.733572789,4.850674608,295.8937198,0.357359565,0.723546641,95.16425121,9.343326274,43.46980676,3.944444444,179.3635266,0.258456511,0.082011482,0.546743492,23.00583166,0.052527001,0.674142117,0.028311919,24.25879962,0.059521361,1.495512297
0,49.47656527,1913.102822,21.77056588,30.43809205,4.814894539,0.73167973,0.735849219,1.163979952,4.228283883,0.836808187,0.829584252,0.978271019,0.958260731,-0.681797378,0.99150149,0.20908575,6.548606932,0.106484238,4.025650207,1,0.244803183,13.09721386,3.598179767,8.813246646,61.0601376,0.121748981,8.835218406,50.31423039,1.382838726,70.26174083,0.089400233,0.071152598,3.736322683,409.5950485,0.816150451,0.897137746,0.138685965,0.922298273,46.0902079,0.067605901,39.44444444,0.109567901,9.541944444,50.28888889,3.702777778,192.1944444,0.198164387,0.079712946,188.7166667,0.524212963,0.75220805,37.63974519,0.066558265,4.634152838,0.644007156,1.291658951,4.827878557,193.6797853,0.346475466,0.854144732,70.21288014,8.685910503,50.62254025,4.177101968,225.509839,0.207826631,0.068590493,0.555134168,27.69983105,0.046540223,0.350062828,0.038341726,31.05206241,0.068411688,1.701666245
0,47.09601507,2089.367213,12.84348201,33.69521509,6.781541404,0.664151641,0.964357561,1.304028069,5.844638099,0.797678633,0.79053865,0.970243719,0.946680296,-0.634971875,0.992046181,0.265936069,6.352172839,0.064753673,4.523279138,0.987464946,0.155501595,12.70434568,4.01722222,10.11918912,67.67531075,0.105819673,10.47200383,54.07993229,1.379599201,73.64139685,0.097816713,0.077784613,3.808967839,534.7774406,0.836144318,0.905807365,0.160265347,0.931754594,50.33076722,0.073959139,47.22125813,0.10243223,11.08901238,54.43167028,3.592190889,190.7830803,0.216227613,0.086173449,238.6138829,0.517600614,0.746299392,40.32833042,0.071604999,4.66359315,0.652974504,1.246841489,4.886040734,259.0849858,0.366975901,0.653139019,75.26345609,10.30011677,53.99858357,3.728045326,198.1600567,0.223532511,0.075657528,0.560518178,30.24282224,0.050992373,0.759389671,0.019661083,43.52495973,0.117378359,1.004700095
0,51.90253474,2369.560299,43.11281703,38.4379811,3.455018874,0.838020833,0.532413493,0.96598661,3.096339625,0.874097444,0.869895745,0.984847431,0.969476614,-0.736702358,0.99529672,0.177991406,6.566794119,0.085522513,4.039197751,0.99806222,0.157773733,13.13358824,3.730829847,10.47324999,94.33380681,0.113094439,10.60862864,50.38180592,1.422561722,71.70257916,0.10018467,0.076046784,3.788467063,685.2708051,0.820896482,0.897043011,0.17820984,0.924523242,46.39954719,0.071791212,65.19387755,0.110873941,11.00024006,49.89285714,4.013605442,204.2159864,0.246966444,0.082966476,301.5646259,0.51286501,0.743975271,36.99627503,0.06607389,4.67748331,0.632258065,1.512043593,4.90352918,319.5978495,0.343653602,0.753849,105.7978495,10.49425483,50.56451613,4.079569892,212.6784946,0.24033579,0.074035685,0.543931302,27.15330167,0.046383462,0.558280343,0.027022511,23.68312344,0.063544554,1.449026472
0,42.26114858,2284.35426,51.89224085,32.96935944,4.810280154,0.742789174,0.678992316,1.073576043,4.334759202,0.858694359,0.853099797,0.979017901,0.962539803,-0.692508408,0.992726869,0.180788626,5.920582001,0.103595342,4.041622579,0.997182614,0.235030446,11.841164,3.635248926,9.444909899,185.7228181,0.142158888,9.142455654,44.10304012,1.463899246,66.27141652,0.116255522,0.085857826,3.617779498,1075.615423,0.822839272,0.892588798,0.206931293,0.925097749,40.89745965,0.080304703,117.8454545,0.133915289,9.523759039,43.91931818,4.468181818,202.2863636,0.320997695,0.092921159,413.6681818,0.470077479,0.710855988,31.26962629,0.071208329,4.653241985,0.601092896,1.700495868,4.70317645,501.6079235,0.342628363,0.6769219,210.6174863,9.069694527,44.18989071,4.133879781,185.5519126,0.303913974,0.084266425,0.509596236,22.42577546,0.048756816,0.839303922,0.017323838,26.23522939,0.061053482,0.786512229
0,60.24056464,1874.598654,-53.82940931,30.79791852,4.015439987,0.750416625,0.692166262,1.203948084,3.489597387,0.826457768,0.819219521,0.98140886,0.959006898,-0.713482265,0.99393168,0.238800068,7.311800144,0.096373461,4.015321505,1,0.207783447,14.62360029,3.595270419,8.703339627,60.75643525,0.112094073,10.25237928,60.15904699,1.40143619,87.25182793,0.077353778,0.063320769,3.701801496,461.3080563,0.850784608,0.907872697,0.186925197,0.937845325,55.94515066,0.060833362,44.58354756,0.114610662,11.3500043,57.6529563,4.023136247,258.5501285,0.165010848,0.072688777,213.503856,0.5488531,0.768864903,42.70211145,0.061071229,4.438182335,0.65159129,1.667818743,4.718800902,220.7956449,0.369841951,0.669534159,66.80234506,9.967413842,60.83752094,3.686767169,244.8107203,0.15427935,0.060978711,0.573707891,32.62554067,0.042930307,0.384205619,0.030828019,30.05370105,0.073086442,1.851101484
0,41.92792364,1189.860624,-66.98005226,17.73174138,1.384367635,0.853680163,0.286965814,0.723193637,1.296270406,0.922033673,0.918240915,0.990847375,0.979579576,-0.768668205,0.985141507,0.105472767,6.148976861,0.258696147,2.862624259,0.993238916,0.465668035,12.29795372,2.667163137,4.779027254,401.5276046,0.304645854,4.660193307,43.19606359,1.645731105,70.77408874,0.141431514,0.095952959,2.830769452,1064.860645,0.807823159,0.882786336,0.361181749,0.918371555,39.76109456,0.089103498,250.338766,0.291430461,5.095594005,43.62514552,5.982537835,255.6321304,0.450965718,0.101296127,406.6391153,0.47338663,0.713745388,31.49175155,0.075657088,3.889514026,0.575351641,2.961659129,4.004970474,480.5726725,0.321883907,0.804559254,459.3415941,4.55489673,43.07300737,4.559276624,192.513061,0.387267065,0.094568468,0.492752661,21.59179988,0.05080599,0.32476661,0.056076451,4.79757785,0.027862477,0.91980569
0,55.85554195,1487.922544,-38.56436603,23.8055971,2.171527534,0.839157945,0.382102155,0.844856075,2.006936891,0.896568989,0.894019098,0.990168673,0.977069882,-0.736053307,0.993159522,0.160893714,7.097237817,0.138677682,3.726845963,0.997488652,0.303075345,14.19447563,3.46286135,6.494281159,291.0516975,0.190032056,6.07216731,56.32250322,1.548345915,88.50065532,0.062906199,0.043266189,3.450965525,1238.717038,0.807639618,0.882920507,0.262979206,0.918084656,51.76691874,0.040118266,191.7325349,0.191349835,6.229453269,56.12774451,5.057884232,296.741517,0.184125114,0.046002798,458.4031936,0.457488217,0.702446587,39.93856468,0.033682807,4.495408919,0.57718894,2.056206947,4.624895555,560.5852535,0.322917773,0.790915872,328.4389401,6.02884133,56.33582949,4.541474654,256.3715438,0.176775739,0.042671888,0.490048803,27.77896841,0.022775711,0.352453049,0.029278939,13.30066283,0.02232875,1.034816599
1,39.83777309,841.9391395,47.08114756,17.92886616,0.823023891,0.917666293,0.312561563,0.872666076,0.723337782,0.870291752,0.868402357,0.995787044,0.977814174,-0.675643915,0.985053082,0.2374114,5.959939457,0.12729879,3.608852525,1,0.257793767,11.91987891,3.289907352,4.687972513,90.08167899,0.168359359,5.043396977,39.18386354,1.385062986,56.39508553,0.066015172,0.0508263,3.389261013,441.3483187,0.823897791,0.899579832,0.146910488,0.925864317,36.27067289,0.04774704,62.71128609,0.164596551,4.982426409,37.99212598,3.619422572,156.7191601,0.153243029,0.054461079,191.1889764,0.501808337,0.734278944,27.69190216,0.042475621,4.279428013,0.640336134,1.180578806,4.497483176,212.7176471,0.357508651,0.759652567,101.3932773,5.017216298,39.42184874,4.011764706,166.4302521,0.167696267,0.049806645,0.545530345,20.88584174,0.030448296,0.217212163,0.063585359,11.48281588,0.015512444,3.426827313
0,52.10807666,1908.264795,-43.58075837,30.79357724,3.897219132,0.777118461,0.628677428,1.102367349,3.4814554,0.848179933,0.843580988,0.982345684,0.963529863,-0.680200717,0.993421966,0.218623543,6.733404095,0.082203063,4.24658068,0.995140491,0.180626209,13.46680819,3.851785628,8.672699094,143.8833195,0.11833692,8.488440845,55.74382727,1.36984448,76.21195979,0.081617411,0.061720837,3.761205863,992.7033667,0.816166387,0.898079764,0.129451577,0.922470359,51.54392184,0.057785406,98.6137931,0.113349187,8.912162769,56.12643678,3.645977011,201.3356322,0.196050495,0.064461135,445.7494253,0.512355661,0.743807773,41.9914211,0.050061273,4.667626764,0.64254062,1.223839345,4.909634067,472.3220089,0.348834571,0.806381442,162.2363368,8.353881164,55.63220089,4.101920236,225.2053176,0.21844508,0.060784505,0.55111583,31.00405896,0.03631719,0.561327436,0.022970131,21.54188789,0.048858108,0.937309453
0,62.6769478,2262.617003,-112.1979668,30.21141311,5.12242799,0.709477733,0.669067859,0.970184296,4.654130372,0.876959336,0.871676492,0.977903217,0.964405315,-0.726512034,0.9894579,0.142718499,7.508731772,0.184589357,3.427710842,0.9969941,0.376489284,15.01746354,3.188626499,8.833460275,141.7446374,0.179106088,9.402321033,63.36648784,1.54577246,100.9486109,0.081168604,0.061612656,3.406627058,633.5791317,0.800041955,0.878468368,0.248066434,0.914216789,57.78230204,0.057889629,75.37007874,0.148366297,10.58416517,62.03937008,6.604330709,443.7834646,0.24265563,0.07282922,257.7204724,0.507323765,0.73990806,45.63914264,0.059268918,4.444848011,0.56381798,3.458595542,4.519190237,277.5615982,0.308059487,0.894901583,168.90899,9.122991965,63.69589345,4.784683685,315.336293,0.206182306,0.059055337,0.497643668,30.91404828,0.037115714,0.36228418,0.027858656,25.06503545,0.076462167,1.216620377
0,73.43894141,1336.005559,-88.26876796,16.69916797,0.820366973,0.90616262,0.201737398,0.610404781,0.771896465,0.930699405,0.929844877,0.996025301,0.986762201,-0.77635329,0.987172246,0.122132305,8.329827669,0.230346971,2.906444468,0.995094864,0.417547026,16.65965534,2.76860682,4.379883736,353.5060356,0.264738769,4.396850157,71.60890034,1.46970083,110.1559629,0.036692234,0.028342201,2.93350983,1084.632186,0.811312058,0.889906729,0.204338374,0.919928361,65.68864957,0.026713769,233.2990033,0.258359915,4.808293752,68.98560354,4.514950166,353.3599114,0.092705664,0.032504772,429.7375415,0.475899825,0.71608983,48.12460127,0.026063625,3.986643135,0.601598934,1.751918362,4.055828445,501.7368421,0.334268382,0.748603307,401.0146569,4.283521401,72.13457695,4.28580946,323.1712192,0.089599443,0.027359054,0.511065956,35.08489396,0.017329074,0.174847205,0.046651586,6.940513485,0.009060314,2.574799645
0,60.50770118,3271.613727,-155.1193552,38.27407909,7.763456878,0.661068855,0.895502193,0.947759748,6.884460739,0.87229612,0.865541298,0.967219453,0.955411781,-0.740172636,0.98825432,0.109040091,7.270069915,0.179085643,3.231465998,1,0.355607113,14.54013983,3.034597249,11.50938399,91.42765959,0.185606842,11.84634321,63.53621874,1.473146594,94.77233667,0.119255337,0.09427199,3.241431786,396.818853,0.804626685,0.886241007,0.197758721,0.916632628,58.09832226,0.08911152,54.22796353,0.164826637,13.0732532,63.14285714,5.021276596,323.6534954,0.316932804,0.110050863,166.6170213,0.506434715,0.739646328,46.02602478,0.091672372,4.256315117,0.591726619,2.16527933,4.35752766,179.205036,0.322311216,0.837236685,106.5467626,11.51698929,63.74100719,4.485611511,292.0035971,0.284806341,0.090203298,0.517002398,32.3032439,0.059575762,0.521818244,0.027436016,26.70347038,0.175205997,1.618882234
0,67.2721525,2835.964347,-152.381698,34.3941594,3.502813375,0.815625949,0.521772928,0.922197858,3.212130219,0.883081626,0.878658133,0.984594523,0.970546015,-0.717126238,0.985788808,0.157192541,7.715223447,0.195285482,3.213770028,0.996455036,0.368555591,15.43044689,2.989705146,9.474243194,151.2011596,0.219700647,9.074843518,66.12038194,1.393553026,94.45204903,0.07663804,0.060870888,3.192754615,558.3190944,0.811174839,0.893831169,0.141762051,0.920112654,60.48237381,0.057585246,93.58091286,0.194151272,9.622410943,63.89834025,3.87966805,271.0041494,0.191465865,0.070071496,236.5103734,0.490685422,0.727160364,44.9443762,0.059247758,4.197552582,0.625974026,1.327628657,4.25627422,264.5324675,0.343548659,0.821460617,174.2909091,8.941811435,66.66233766,4.241558442,297.9922078,0.192830116,0.058738338,0.531746753,33.55052201,0.040043582,0.282192747,0.03235736,22.16951992,0.060579805,1.780688089
1,57.62986836,2098.627405,-53.52980247,33.98080617,4.990087593,0.753828997,0.735576858,1.132156644,4.357698022,0.838565462,0.83253237,0.977969388,0.958709651,-0.681544393,0.993622459,0.214921688,7.093645606,0.069232437,4.350957175,0.988460249,0.136856829,14.18729121,3.931144749,9.742723441,109.2533942,0.106678231,9.22708778,58.2800059,1.393358513,81.67871559,0.0772368,0.058893203,3.829514772,845.3226274,0.825126307,0.900835532,0.160414071,0.926684196,53.76475811,0.055794214,76.56043956,0.105165439,9.530851875,57.21291209,3.990384615,237.217033,0.192846532,0.064638365,382.3269231,0.525174345,0.752928007,42.48143762,0.053239884,4.696875534,0.640281442,1.551124185,4.944445961,399.4766931,0.351342738,0.718055585,121.9006157,9.139977831,58.52242744,3.934036939,237.3122252,0.184019445,0.057410601,0.554966286,31.63406528,0.037408773,0.636518608,0.020459514,26.9320878,0.067226497,0.92767762
0,39.25756924,1941.752946,80.74436853,30.94170952,3.780676739,0.78421463,0.663232001,1.187075333,3.324276673,0.822880922,0.816966131,0.982908343,0.960248146,-0.644099463,0.989926244,0.262984971,5.690889523,0.08412393,4.132796931,1,0.17639815,11.38177905,3.69569791,8.680596564,92.18268634,0.122197811,9.663135066,42.68758077,1.44781887,60.62483095,0.113662445,0.088444491,3.635957702,623.9866171,0.826726803,0.898214286,0.206792875,0.9273405,39.49800192,0.084077593,63.88804554,0.121229688,10.56233955,42.4516129,4.527514231,186.7893738,0.285733175,0.101300389,274.8823529,0.521598393,0.750251925,31.21259405,0.085894882,4.493718335,0.627380952,1.986908101,4.721643993,292.2095238,0.347868481,0.75122449,103.1357143,9.451581633,42.67857143,4.042857143,171.3047619,0.264849416,0.085471976,0.546042659,22.89953935,0.058414076,0.659688202,0.024675002,29.19544679,0.066908924,1.339804412
1,48.12087988,1895.684517,-17.47692173,33.02948633,1.399541739,0.919197649,0.308014468,0.781091741,1.291027295,0.899306601,0.897762883,0.993490744,0.980245749,-0.767266837,0.993894093,0.173521477,6.329751918,0.14387179,3.561305342,1,0.316800203,12.65950384,3.352822535,8.607257017,106.4444416,0.153448492,8.689303223,49.06690959,1.414157888,70.44614211,0.094443145,0.070451652,3.547550802,555.9354273,0.801145991,0.888284251,0.146129401,0.915249197,44.6748642,0.065845509,66.26068376,0.141582658,8.950630981,47.48076923,4.536324786,239.1089744,0.260164835,0.077414893,225.7692308,0.482412886,0.721935344,33.89528505,0.060776561,4.525481167,0.599231754,1.751419936,4.678035477,258.659411,0.331190027,0.827374209,123.0793854,8.605625606,49.37900128,4.413572343,228.0909091,0.25546766,0.068841921,0.513909873,24.55031192,0.041001256,0.206410716,0.067881562,10.9941713,0.032839145,2.897103097
